ctime,datname,pid,usesysid,usename,application_name,client_addr,client_port,backend_start,xact_start,query_start,waiting,query,state,state_change
1416389589.02748,dbt3,1600,10,mark,psql,,-1,2014-11-19 10:33:09.024698+01,2014-11-19 10:33:09.026431+01,2014-11-19 10:33:09.026431+01,f,"COPY (SELECT EXTRACT(EPOCH FROM TRANSACTION_TIMESTAMP()) AS ctime, datname, numbackends, xact_commit, xact_rollback, blks_read, blks_hit, tup_returned, tup_fetched, tup_inserted, tup_updated, tup_deleted FROM pg_stat_database) TO STDOUT (FORMAT CSV, HEADER);",active,2014-11-19 10:33:09.026435+01
1416389589.02748,dbt3,1592,10,mark,psql,,-1,2014-11-19 10:33:09.025012+01,2014-11-19 10:33:09.027481+01,2014-11-19 10:33:09.027481+01,f,"COPY (SELECT EXTRACT(EPOCH FROM TRANSACTION_TIMESTAMP()) AS ctime, datname, pid, usesysid, usename, application_name, client_addr, client_port, backend_start, xact_start, query_start, waiting, query , state, state_change FROM pg_stat_activity) TO STDOUT (FORMAT CSV, HEADER);",active,2014-11-19 10:33:09.027485+01
1416389589.02748,dbt3,1616,10,mark,psql,,-1,2014-11-19 10:33:09.026026+01,2014-11-19 10:33:09.02732+01,2014-11-19 10:33:09.02732+01,f,"COPY (SELECT EXTRACT(EPOCH FROM TRANSACTION_TIMESTAMP()) AS ctime, a.schemaname, a.relname, a.indexrelname, idx_scan, idx_tup_read, idx_tup_fetch, idx_blks_read, idx_blks_hit FROM pg_stat_all_indexes a, pg_statio_all_indexes b WHERE a.indexrelid = b.indexrelid) TO STDOUT (FORMAT CSV, HEADER);",active,2014-11-19 10:33:09.027324+01
1416389589.02748,dbt3,1617,10,mark,psql,,-1,2014-11-19 10:33:09.026371+01,2014-11-19 10:33:09.027777+01,2014-11-19 10:33:09.027777+01,f,"COPY (SELECT EXTRACT(EPOCH FROM TRANSACTION_TIMESTAMP()) AS ctime, a.schemaname, a.relname, seq_scan, seq_tup_read, idx_scan, idx_tup_fetch, n_tup_ins, n_tup_upd, n_tup_del, n_tup_hot_upd, n_live_tup, n_dead_tup, heap_blks_read, heap_blks_hit, idx_blks_read, idx_blks_hit, toast_blks_read, toast_blks_hit, tidx_blks_read, tidx_blks_hit FROM pg_statio_all_tables a, pg_stat_all_tables b WHERE a.relid = b.relid) TO STDOUT (FORMAT CSV, HEADER);",active,2014-11-19 10:33:09.027781+01
1416389589.02748,dbt3,1631,10,mark,psql,,-1,2014-11-19 10:33:09.02798+01,,,f,"",,
1416389649.04004,dbt3,3562,10,mark,psql,,-1,2014-11-19 10:33:49.514692+01,2014-11-19 10:33:49.516419+01,2014-11-19 10:33:49.51656+01,f,"select
	c_name,
	c_custkey,
	o_orderkey,
	o_orderdate,
	o_totalprice,
	sum(l_quantity)
from
	customer,
	orders,
	lineitem
where
	o_orderkey in (
		select
			l_orderkey
		from
			lineitem
		group by
			l_orderkey having
				sum(l_quantity) > 314
	)
	and c_custkey = o_custkey
	and o_orderkey = l_orderkey
group by
	c_name,
	c_custkey,
	o_orderkey,
	o_orderdate,
	o_totalprice
order by
	o_totalprice desc,
	o_orderdate
LIMIT 100;",active,2014-11-19 10:33:49.516561+01
1416389649.04004,dbt3,3701,10,mark,psql,,-1,2014-11-19 10:34:04.831941+01,2014-11-19 10:34:04.83364+01,2014-11-19 10:34:04.833793+01,f,"select
	supp_nation,
	cust_nation,
	l_year,
	sum(volume) as revenue
from
	(
		select
			n1.n_name as supp_nation,
			n2.n_name as cust_nation,
			extract(year from l_shipdate) as l_year,
			l_extendedprice * (1 - l_discount) as volume
		from
			supplier,
			lineitem,
			orders,
			customer,
			nation n1,
			nation n2
		where
			s_suppkey = l_suppkey
			and o_orderkey = l_orderkey
			and c_custkey = o_custkey
			and s_nationkey = n1.n_nationkey
			and c_nationkey = n2.n_nationkey
			and (
				(n1.n_name = 'BRAZIL' and n2.n_name = 'MOZAMBIQUE')
				or (n1.n_name = 'MOZAMBIQUE' and n2.n_name = 'BRAZIL')
			)
			and l_shipdate between date '1995-01-01' and date '1996-12-31'
	) as shipping
group by
	supp_nation,
	cust_nation,
	l_year
order by
	supp_nation,
	cust_nation,
	l_year;",active,2014-11-19 10:34:04.833795+01
1416389649.04004,dbt3,3711,10,mark,psql,,-1,2014-11-19 10:34:08.073548+01,2014-11-19 10:34:08.075232+01,2014-11-19 10:34:08.075382+01,f,"select
	o_year,
	sum(case
		when nation = 'INDONESIA' then volume
		else 0
	end) / sum(volume) as mkt_share
from
	(
		select
			extract(year from o_orderdate) as o_year,
			l_extendedprice * (1 - l_discount) as volume,
			n2.n_name as nation
		from
			part,
			supplier,
			lineitem,
			orders,
			customer,
			nation n1,
			nation n2,
			region
		where
			p_partkey = l_partkey
			and s_suppkey = l_suppkey
			and l_orderkey = o_orderkey
			and o_custkey = c_custkey
			and c_nationkey = n1.n_nationkey
			and n1.n_regionkey = r_regionkey
			and r_name = 'ASIA'
			and s_nationkey = n2.n_nationkey
			and o_orderdate between date '1995-01-01' and date '1996-12-31'
			and p_type = 'STANDARD BRUSHED NICKEL'
	) as all_nations
group by
	o_year
order by
	o_year;",active,2014-11-19 10:34:08.075384+01
1416389649.04004,dbt3,3651,10,mark,psql,,-1,2014-11-19 10:34:02.791843+01,2014-11-19 10:34:02.793647+01,2014-11-19 10:34:02.793794+01,f,"select
	100.00 * sum(case
		when p_type like 'PROMO%'
			then l_extendedprice * (1 - l_discount)
		else 0
	end) / sum(l_extendedprice * (1 - l_discount)) as promo_revenue
from
	lineitem,
	part
where
	l_partkey = p_partkey
	and l_shipdate >= date '1997-04-01'
	and l_shipdate < cast(date '1997-04-01' + interval '1 month' as date);",active,2014-11-19 10:34:02.793795+01
1416389649.04004,dbt3,3624,10,mark,psql,,-1,2014-11-19 10:33:57.794075+01,2014-11-19 10:33:57.795861+01,2014-11-19 10:33:57.800835+01,f,"select
	s_suppkey,
	s_name,
	s_address,
	s_phone,
	total_revenue
from
	supplier,
	revenue6
where
	s_suppkey = supplier_no
	and total_revenue = (
		select
			max(total_revenue)
		from
			revenue6
	)
order by
	s_suppkey;",active,2014-11-19 10:33:57.800837+01
1416389649.04004,dbt3,3573,10,mark,psql,,-1,2014-11-19 10:33:49.742452+01,2014-11-19 10:33:49.744117+01,2014-11-19 10:33:49.744264+01,f,"select
	c_name,
	c_custkey,
	o_orderkey,
	o_orderdate,
	o_totalprice,
	sum(l_quantity)
from
	customer,
	orders,
	lineitem
where
	o_orderkey in (
		select
			l_orderkey
		from
			lineitem
		group by
			l_orderkey having
				sum(l_quantity) > 313
	)
	and c_custkey = o_custkey
	and o_orderkey = l_orderkey
group by
	c_name,
	c_custkey,
	o_orderkey,
	o_orderdate,
	o_totalprice
order by
	o_totalprice desc,
	o_orderdate
LIMIT 100;",active,2014-11-19 10:33:49.744265+01
1416389649.04004,dbt3,3540,10,mark,psql,,-1,2014-11-19 10:33:44.58069+01,2014-11-19 10:33:44.582302+01,2014-11-19 10:33:44.582443+01,f,"select
	l_orderkey,
	sum(l_extendedprice * (1 - l_discount)) as revenue,
	o_orderdate,
	o_shippriority
from
	customer,
	orders,
	lineitem
where
	c_mktsegment = 'BUILDING'
	and c_custkey = o_custkey
	and l_orderkey = o_orderkey
	and o_orderdate < date '1995-03-21'
	and l_shipdate > date '1995-03-21'
group by
	l_orderkey,
	o_orderdate,
	o_shippriority
order by
	revenue desc,
	o_orderdate
LIMIT 10;",active,2014-11-19 10:33:44.582444+01
1416389649.04004,dbt3,3681,10,mark,psql,,-1,2014-11-19 10:34:04.176128+01,2014-11-19 10:34:04.177952+01,2014-11-19 10:34:04.178105+01,f,"select
	o_orderpriority,
	count(*) as order_count
from
	orders
where
	o_orderdate >= date '1996-11-01'
	and o_orderdate < cast(date '1996-11-01' + interval '3 month' as date)
	and exists (
		select
			*
		from
			lineitem
		where
			l_orderkey = o_orderkey
			and l_commitdate < l_receiptdate
	)
group by
	o_orderpriority
order by
	o_orderpriority;",active,2014-11-19 10:34:04.178107+01
1416389649.04004,dbt3,3722,10,mark,psql,,-1,2014-11-19 10:34:08.339453+01,2014-11-19 10:34:08.341192+01,2014-11-19 10:34:08.341337+01,f,"select
	nation,
	o_year,
	sum(amount) as sum_profit
from
	(
		select
			n_name as nation,
			extract(year from o_orderdate) as o_year,
			l_extendedprice * (1 - l_discount) - ps_supplycost * l_quantity as amount
		from
			part,
			supplier,
			lineitem,
			partsupp,
			orders,
			nation
		where
			s_suppkey = l_suppkey
			and ps_suppkey = l_suppkey
			and ps_partkey = l_partkey
			and p_partkey = l_partkey
			and o_orderkey = l_orderkey
			and s_nationkey = n_nationkey
			and p_name like '%lemon%'
	) as profit
group by
	nation,
	o_year
order by
	nation,
	o_year desc;",active,2014-11-19 10:34:08.341338+01
1416389649.04004,dbt3,3384,10,mark,psql,,-1,2014-11-19 10:33:09.42219+01,2014-11-19 10:33:09.423609+01,2014-11-19 10:33:09.42373+01,f,"select
	l_returnflag,
	l_linestatus,
	sum(l_quantity) as sum_qty,
	sum(l_extendedprice) as sum_base_price,
	sum(l_extendedprice * (1 - l_discount)) as sum_disc_price,
	sum(l_extendedprice * (1 - l_discount) * (1 + l_tax)) as sum_charge,
	avg(l_quantity) as avg_qty,
	avg(l_extendedprice) as avg_price,
	avg(l_discount) as avg_disc,
	count(*) as count_order
from
	lineitem
where
	l_shipdate <= date '1998-12-01' - interval '105 days'
group by
	l_returnflag,
	l_linestatus
order by
	l_returnflag,
	l_linestatus;",active,2014-11-19 10:33:09.423731+01
1416389649.04004,dbt3,3403,10,mark,psql,,-1,2014-11-19 10:33:10.405342+01,2014-11-19 10:33:10.406913+01,2014-11-19 10:33:10.407058+01,f,"select
	l_returnflag,
	l_linestatus,
	sum(l_quantity) as sum_qty,
	sum(l_extendedprice) as sum_base_price,
	sum(l_extendedprice * (1 - l_discount)) as sum_disc_price,
	sum(l_extendedprice * (1 - l_discount) * (1 + l_tax)) as sum_charge,
	avg(l_quantity) as avg_qty,
	avg(l_extendedprice) as avg_price,
	avg(l_discount) as avg_disc,
	count(*) as count_order
from
	lineitem
where
	l_shipdate <= date '1998-12-01' - interval '73 days'
group by
	l_returnflag,
	l_linestatus
order by
	l_returnflag,
	l_linestatus;",active,2014-11-19 10:33:10.407059+01
1416389649.04004,dbt3,3671,10,mark,psql,,-1,2014-11-19 10:34:03.653844+01,2014-11-19 10:34:03.655524+01,2014-11-19 10:34:03.65567+01,f,"select
	l_orderkey,
	sum(l_extendedprice * (1 - l_discount)) as revenue,
	o_orderdate,
	o_shippriority
from
	customer,
	orders,
	lineitem
where
	c_mktsegment = 'AUTOMOBILE'
	and c_custkey = o_custkey
	and l_orderkey = o_orderkey
	and o_orderdate < date '1995-03-29'
	and l_shipdate > date '1995-03-29'
group by
	l_orderkey,
	o_orderdate,
	o_shippriority
order by
	revenue desc,
	o_orderdate
LIMIT 10;",active,2014-11-19 10:34:03.655671+01
1416389649.04004,dbt3,3726,10,mark,psql,,-1,2014-11-19 10:34:08.695705+01,2014-11-19 10:34:08.697302+01,2014-11-19 10:34:08.697426+01,f,"COPY lineitem
FROM '/AXLE/mark/dbt3/dss/lineitem.tbl.u4'
USING DELIMITERS '|';",active,2014-11-19 10:34:08.697427+01
1416389649.04004,dbt3,3733,10,mark,psql,,-1,2014-11-19 10:34:09.028933+01,2014-11-19 10:34:09.030357+01,2014-11-19 10:34:09.030357+01,f,"COPY (SELECT EXTRACT(EPOCH FROM TRANSACTION_TIMESTAMP()) AS ctime, datname, numbackends, xact_commit, xact_rollback, blks_read, blks_hit, tup_returned, tup_fetched, tup_inserted, tup_updated, tup_deleted FROM pg_stat_database) TO STDOUT (FORMAT CSV);",active,2014-11-19 10:34:09.030361+01
1416389649.04004,dbt3,3737,10,mark,psql,,-1,2014-11-19 10:34:09.031163+01,,2014-11-19 10:34:09.032538+01,f,"COPY (SELECT EXTRACT(EPOCH FROM TRANSACTION_TIMESTAMP()) AS ctime, a.schemaname, a.relname, a.indexrelname, idx_scan, idx_tup_read, idx_tup_fetch, idx_blks_read, idx_blks_hit FROM pg_stat_all_indexes a, pg_statio_all_indexes b WHERE a.indexrelid = b.indexrelid) TO STDOUT (FORMAT CSV);",idle,2014-11-19 10:34:09.042096+01
1416389649.04004,dbt3,3735,10,mark,psql,,-1,2014-11-19 10:34:09.032886+01,2014-11-19 10:34:09.040037+01,2014-11-19 10:34:09.040037+01,f,"COPY (SELECT EXTRACT(EPOCH FROM TRANSACTION_TIMESTAMP()) AS ctime, datname, pid, usesysid, usename, application_name, client_addr, client_port, backend_start, xact_start, query_start, waiting, query , state, state_change FROM pg_stat_activity) TO STDOUT (FORMAT CSV);",active,2014-11-19 10:34:09.040045+01
1416389709.04807,dbt3,4000,10,mark,psql,,-1,2014-11-19 10:34:53.096197+01,2014-11-19 10:34:53.097972+01,2014-11-19 10:34:53.098133+01,f,"select
	c_custkey,
	c_name,
	sum(l_extendedprice * (1 - l_discount)) as revenue,
	c_acctbal,
	n_name,
	c_address,
	c_phone,
	c_comment
from
	customer,
	orders,
	lineitem,
	nation
where
	c_custkey = o_custkey
	and l_orderkey = o_orderkey
	and o_orderdate >= date '1994-11-01'
	and o_orderdate < cast(date '1994-11-01' + interval '3 month' as date)
	and l_returnflag = 'R'
	and c_nationkey = n_nationkey
group by
	c_custkey,
	c_name,
	c_acctbal,
	c_phone,
	n_name,
	c_address,
	c_comment
order by
	revenue desc
LIMIT 20;",active,2014-11-19 10:34:53.098135+01
1416389709.04807,dbt3,3821,10,mark,psql,,-1,2014-11-19 10:34:23.216442+01,2014-11-19 10:34:23.218479+01,2014-11-19 10:34:23.218624+01,f,"select
	l_returnflag,
	l_linestatus,
	sum(l_quantity) as sum_qty,
	sum(l_extendedprice) as sum_base_price,
	sum(l_extendedprice * (1 - l_discount)) as sum_disc_price,
	sum(l_extendedprice * (1 - l_discount) * (1 + l_tax)) as sum_charge,
	avg(l_quantity) as avg_qty,
	avg(l_extendedprice) as avg_price,
	avg(l_discount) as avg_disc,
	count(*) as count_order
from
	lineitem
where
	l_shipdate <= date '1998-12-01' - interval '94 days'
group by
	l_returnflag,
	l_linestatus
order by
	l_returnflag,
	l_linestatus;",active,2014-11-19 10:34:23.218626+01
1416389709.04807,dbt3,4094,10,mark,psql,,-1,2014-11-19 10:35:03.333212+01,2014-11-19 10:35:03.335028+01,2014-11-19 10:35:03.335179+01,f,"select
	s_acctbal,
	s_name,
	n_name,
	p_partkey,
	p_mfgr,
	s_address,
	s_phone,
	s_comment
from
	part,
	supplier,
	partsupp,
	nation,
	region
where
	p_partkey = ps_partkey
	and s_suppkey = ps_suppkey
	and p_size = 49
	and p_type like '%TIN'
	and s_nationkey = n_nationkey
	and n_regionkey = r_regionkey
	and r_name = 'MIDDLE EAST'
	and ps_supplycost = (
		select
			min(ps_supplycost)
		from
			partsupp,
			supplier,
			nation,
			region
		where
			p_partkey = ps_partkey
			and s_suppkey = ps_suppkey
			and s_nationkey = n_nationkey
			and n_regionkey = r_regionkey
			and r_name = 'MIDDLE EAST'
	)
order by
	s_acctbal desc,
	n_name,
	s_name,
	p_partkey
LIMIT 100;",active,2014-11-19 10:35:03.33518+01
1416389709.04807,dbt3,4127,10,mark,psql,,-1,2014-11-19 10:35:06.393413+01,2014-11-19 10:35:06.395031+01,2014-11-19 10:35:06.395187+01,f,"select
	o_year,
	sum(case
		when nation = 'ARGENTINA' then volume
		else 0
	end) / sum(volume) as mkt_share
from
	(
		select
			extract(year from o_orderdate) as o_year,
			l_extendedprice * (1 - l_discount) as volume,
			n2.n_name as nation
		from
			part,
			supplier,
			lineitem,
			orders,
			customer,
			nation n1,
			nation n2,
			region
		where
			p_partkey = l_partkey
			and s_suppkey = l_suppkey
			and l_orderkey = o_orderkey
			and o_custkey = c_custkey
			and c_nationkey = n1.n_nationkey
			and n1.n_regionkey = r_regionkey
			and r_name = 'AMERICA'
			and s_nationkey = n2.n_nationkey
			and o_orderdate between date '1995-01-01' and date '1996-12-31'
			and p_type = 'STANDARD PLATED NICKEL'
	) as all_nations
group by
	o_year
order by
	o_year;",active,2014-11-19 10:35:06.395189+01
1416389709.04807,dbt3,4084,10,mark,psql,,-1,2014-11-19 10:35:02.879069+01,2014-11-19 10:35:02.880836+01,2014-11-19 10:35:02.880984+01,f,"select
	nation,
	o_year,
	sum(amount) as sum_profit
from
	(
		select
			n_name as nation,
			extract(year from o_orderdate) as o_year,
			l_extendedprice * (1 - l_discount) - ps_supplycost * l_quantity as amount
		from
			part,
			supplier,
			lineitem,
			partsupp,
			orders,
			nation
		where
			s_suppkey = l_suppkey
			and ps_suppkey = l_suppkey
			and ps_partkey = l_partkey
			and p_partkey = l_partkey
			and o_orderkey = l_orderkey
			and s_nationkey = n_nationkey
			and p_name like '%cream%'
	) as profit
group by
	nation,
	o_year
order by
	nation,
	o_year desc;",active,2014-11-19 10:35:02.880985+01
1416389709.04807,dbt3,3963,10,mark,psql,,-1,2014-11-19 10:34:51.272074+01,2014-11-19 10:34:51.273897+01,2014-11-19 10:34:51.2741+01,f,"select
	l_shipmode,
	sum(case
		when o_orderpriority = '1-URGENT'
			or o_orderpriority = '2-HIGH'
			then 1
		else 0
	end) as high_line_count,
	sum(case
		when o_orderpriority <> '1-URGENT'
			and o_orderpriority <> '2-HIGH'
			then 1
		else 0
	end) as low_line_count
from
	orders,
	lineitem
where
	o_orderkey = l_orderkey
	and l_shipmode in ('TRUCK', 'RAIL')
	and l_commitdate < l_receiptdate
	and l_shipdate < l_commitdate
	and l_receiptdate >= date '1993-01-01'
	and l_receiptdate < date '1993-01-01' + interval '1 year'
group by
	l_shipmode
order by
	l_shipmode;",active,2014-11-19 10:34:51.274101+01
1416389709.04807,dbt3,3767,10,mark,psql,,-1,2014-11-19 10:34:10.846535+01,2014-11-19 10:34:10.848573+01,2014-11-19 10:34:10.848744+01,f,"select
	c_name,
	c_custkey,
	o_orderkey,
	o_orderdate,
	o_totalprice,
	sum(l_quantity)
from
	customer,
	orders,
	lineitem
where
	o_orderkey in (
		select
			l_orderkey
		from
			lineitem
		group by
			l_orderkey having
				sum(l_quantity) > 315
	)
	and c_custkey = o_custkey
	and o_orderkey = l_orderkey
group by
	c_name,
	c_custkey,
	o_orderkey,
	o_orderdate,
	o_totalprice
order by
	o_totalprice desc,
	o_orderdate
LIMIT 100;",active,2014-11-19 10:34:10.848745+01
1416389709.04807,dbt3,4060,10,mark,psql,,-1,2014-11-19 10:34:56.777784+01,2014-11-19 10:34:56.779513+01,2014-11-19 10:34:56.779648+01,f,"select
	c_name,
	c_custkey,
	o_orderkey,
	o_orderdate,
	o_totalprice,
	sum(l_quantity)
from
	customer,
	orders,
	lineitem
where
	o_orderkey in (
		select
			l_orderkey
		from
			lineitem
		group by
			l_orderkey having
				sum(l_quantity) > 313
	)
	and c_custkey = o_custkey
	and o_orderkey = l_orderkey
group by
	c_name,
	c_custkey,
	o_orderkey,
	o_orderdate,
	o_totalprice
order by
	o_totalprice desc,
	o_orderdate
LIMIT 100;",active,2014-11-19 10:34:56.77965+01
1416389709.04807,dbt3,3722,10,mark,psql,,-1,2014-11-19 10:34:08.339453+01,2014-11-19 10:34:08.341192+01,2014-11-19 10:34:08.341337+01,f,"select
	nation,
	o_year,
	sum(amount) as sum_profit
from
	(
		select
			n_name as nation,
			extract(year from o_orderdate) as o_year,
			l_extendedprice * (1 - l_discount) - ps_supplycost * l_quantity as amount
		from
			part,
			supplier,
			lineitem,
			partsupp,
			orders,
			nation
		where
			s_suppkey = l_suppkey
			and ps_suppkey = l_suppkey
			and ps_partkey = l_partkey
			and p_partkey = l_partkey
			and o_orderkey = l_orderkey
			and s_nationkey = n_nationkey
			and p_name like '%lemon%'
	) as profit
group by
	nation,
	o_year
order by
	nation,
	o_year desc;",active,2014-11-19 10:34:08.341338+01
1416389709.04807,dbt3,4070,10,mark,psql,,-1,2014-11-19 10:34:57.223255+01,2014-11-19 10:34:57.225132+01,2014-11-19 10:34:57.22528+01,f,"select
	c_name,
	c_custkey,
	o_orderkey,
	o_orderdate,
	o_totalprice,
	sum(l_quantity)
from
	customer,
	orders,
	lineitem
where
	o_orderkey in (
		select
			l_orderkey
		from
			lineitem
		group by
			l_orderkey having
				sum(l_quantity) > 312
	)
	and c_custkey = o_custkey
	and o_orderkey = l_orderkey
group by
	c_name,
	c_custkey,
	o_orderkey,
	o_orderdate,
	o_totalprice
order by
	o_totalprice desc,
	o_orderdate
LIMIT 100;",active,2014-11-19 10:34:57.225281+01
1416389709.04807,dbt3,4128,10,mark,psql,,-1,2014-11-19 10:35:06.39416+01,2014-11-19 10:35:06.395735+01,2014-11-19 10:35:06.395855+01,f,"select
	o_orderpriority,
	count(*) as order_count
from
	orders
where
	o_orderdate >= date '1994-04-01'
	and o_orderdate < cast(date '1994-04-01' + interval '3 month' as date)
	and exists (
		select
			*
		from
			lineitem
		where
			l_orderkey = o_orderkey
			and l_commitdate < l_receiptdate
	)
group by
	o_orderpriority
order by
	o_orderpriority;",active,2014-11-19 10:35:06.395856+01
1416389709.04807,dbt3,3912,10,mark,psql,,-1,2014-11-19 10:34:44.647242+01,2014-11-19 10:34:44.64907+01,2014-11-19 10:34:44.649261+01,f,"select
	s_name,
	count(*) as numwait
from
	supplier,
	lineitem l1,
	orders,
	nation
where
	s_suppkey = l1.l_suppkey
	and o_orderkey = l1.l_orderkey
	and o_orderstatus = 'F'
	and l1.l_receiptdate > l1.l_commitdate
	and exists (
		select
			*
		from
			lineitem l2
		where
			l2.l_orderkey = l1.l_orderkey
			and l2.l_suppkey <> l1.l_suppkey
	)
	and not exists (
		select
			*
		from
			lineitem l3
		where
			l3.l_orderkey = l1.l_orderkey
			and l3.l_suppkey <> l1.l_suppkey
			and l3.l_receiptdate > l3.l_commitdate
	)
	and s_nationkey = n_nationkey
	and n_name = 'FRANCE'
group by
	s_name
order by
	numwait desc,
	s_name
LIMIT 100;",active,2014-11-19 10:34:44.649263+01
1416389709.04807,dbt3,4108,10,mark,psql,,-1,2014-11-19 10:35:06.333503+01,2014-11-19 10:35:06.33531+01,2014-11-19 10:35:06.358903+01,f,"DELETE FROM lineitem
USING tmp_orderkey5
WHERE l_orderkey = orderkey;",active,2014-11-19 10:35:06.358905+01
1416389709.04807,dbt3,4136,10,mark,psql,,-1,2014-11-19 10:35:09.04642+01,2014-11-19 10:35:09.048075+01,2014-11-19 10:35:09.048075+01,f,"COPY (SELECT EXTRACT(EPOCH FROM TRANSACTION_TIMESTAMP()) AS ctime, datname, pid, usesysid, usename, application_name, client_addr, client_port, backend_start, xact_start, query_start, waiting, query , state, state_change FROM pg_stat_activity) TO STDOUT (FORMAT CSV);",active,2014-11-19 10:35:09.048079+01
1416389709.04807,dbt3,4137,10,mark,psql,,-1,2014-11-19 10:35:09.032485+01,2014-11-19 10:35:09.034271+01,2014-11-19 10:35:09.034271+01,f,"COPY (SELECT EXTRACT(EPOCH FROM TRANSACTION_TIMESTAMP()) AS ctime, a.schemaname, a.relname, seq_scan, seq_tup_read, idx_scan, idx_tup_fetch, n_tup_ins, n_tup_upd, n_tup_del, n_tup_hot_upd, n_live_tup, n_dead_tup, heap_blks_read, heap_blks_hit, idx_blks_read, idx_blks_hit, toast_blks_read, toast_blks_hit, tidx_blks_read, tidx_blks_hit FROM pg_statio_all_tables a, pg_stat_all_tables b WHERE a.relid = b.relid) TO STDOUT (FORMAT CSV);",active,2014-11-19 10:35:09.034275+01
1416389769.03778,dbt3,4290,10,mark,psql,,-1,2014-11-19 10:35:32.375069+01,2014-11-19 10:35:32.376758+01,2014-11-19 10:35:32.376914+01,f,"select
	l_returnflag,
	l_linestatus,
	sum(l_quantity) as sum_qty,
	sum(l_extendedprice) as sum_base_price,
	sum(l_extendedprice * (1 - l_discount)) as sum_disc_price,
	sum(l_extendedprice * (1 - l_discount) * (1 + l_tax)) as sum_charge,
	avg(l_quantity) as avg_qty,
	avg(l_extendedprice) as avg_price,
	avg(l_discount) as avg_disc,
	count(*) as count_order
from
	lineitem
where
	l_shipdate <= date '1998-12-01' - interval '97 days'
group by
	l_returnflag,
	l_linestatus
order by
	l_returnflag,
	l_linestatus;",active,2014-11-19 10:35:32.376915+01
1416389769.03778,dbt3,4332,10,mark,psql,,-1,2014-11-19 10:35:47.167737+01,2014-11-19 10:35:47.169348+01,2014-11-19 10:35:47.169541+01,f,"select
	c_name,
	c_custkey,
	o_orderkey,
	o_orderdate,
	o_totalprice,
	sum(l_quantity)
from
	customer,
	orders,
	lineitem
where
	o_orderkey in (
		select
			l_orderkey
		from
			lineitem
		group by
			l_orderkey having
				sum(l_quantity) > 314
	)
	and c_custkey = o_custkey
	and o_orderkey = l_orderkey
group by
	c_name,
	c_custkey,
	o_orderkey,
	o_orderdate,
	o_totalprice
order by
	o_totalprice desc,
	o_orderdate
LIMIT 100;",active,2014-11-19 10:35:47.169543+01
1416389769.03778,dbt3,4280,10,mark,psql,,-1,2014-11-19 10:35:30.481173+01,2014-11-19 10:35:30.48284+01,2014-11-19 10:35:30.48305+01,f,"select
	l_returnflag,
	l_linestatus,
	sum(l_quantity) as sum_qty,
	sum(l_extendedprice) as sum_base_price,
	sum(l_extendedprice * (1 - l_discount)) as sum_disc_price,
	sum(l_extendedprice * (1 - l_discount) * (1 + l_tax)) as sum_charge,
	avg(l_quantity) as avg_qty,
	avg(l_extendedprice) as avg_price,
	avg(l_discount) as avg_disc,
	count(*) as count_order
from
	lineitem
where
	l_shipdate <= date '1998-12-01' - interval '65 days'
group by
	l_returnflag,
	l_linestatus
order by
	l_returnflag,
	l_linestatus;",active,2014-11-19 10:35:30.483052+01
1416389769.03778,dbt3,4190,10,mark,psql,,-1,2014-11-19 10:35:15.692956+01,2014-11-19 10:35:15.695167+01,2014-11-19 10:35:15.695311+01,f,"select
	nation,
	o_year,
	sum(amount) as sum_profit
from
	(
		select
			n_name as nation,
			extract(year from o_orderdate) as o_year,
			l_extendedprice * (1 - l_discount) - ps_supplycost * l_quantity as amount
		from
			part,
			supplier,
			lineitem,
			partsupp,
			orders,
			nation
		where
			s_suppkey = l_suppkey
			and ps_suppkey = l_suppkey
			and ps_partkey = l_partkey
			and p_partkey = l_partkey
			and o_orderkey = l_orderkey
			and s_nationkey = n_nationkey
			and p_name like '%blanched%'
	) as profit
group by
	nation,
	o_year
order by
	nation,
	o_year desc;",active,2014-11-19 10:35:15.695313+01
1416389769.03778,dbt3,4084,10,mark,psql,,-1,2014-11-19 10:35:02.879069+01,2014-11-19 10:35:02.880836+01,2014-11-19 10:35:02.880984+01,f,"select
	nation,
	o_year,
	sum(amount) as sum_profit
from
	(
		select
			n_name as nation,
			extract(year from o_orderdate) as o_year,
			l_extendedprice * (1 - l_discount) - ps_supplycost * l_quantity as amount
		from
			part,
			supplier,
			lineitem,
			partsupp,
			orders,
			nation
		where
			s_suppkey = l_suppkey
			and ps_suppkey = l_suppkey
			and ps_partkey = l_partkey
			and p_partkey = l_partkey
			and o_orderkey = l_orderkey
			and s_nationkey = n_nationkey
			and p_name like '%cream%'
	) as profit
group by
	nation,
	o_year
order by
	nation,
	o_year desc;",active,2014-11-19 10:35:02.880985+01
1416389769.03778,dbt3,4150,10,mark,psql,,-1,2014-11-19 10:35:10.344425+01,2014-11-19 10:35:10.346458+01,2014-11-19 10:35:10.346614+01,f,"select
	l_returnflag,
	l_linestatus,
	sum(l_quantity) as sum_qty,
	sum(l_extendedprice) as sum_base_price,
	sum(l_extendedprice * (1 - l_discount)) as sum_disc_price,
	sum(l_extendedprice * (1 - l_discount) * (1 + l_tax)) as sum_charge,
	avg(l_quantity) as avg_qty,
	avg(l_extendedprice) as avg_price,
	avg(l_discount) as avg_disc,
	count(*) as count_order
from
	lineitem
where
	l_shipdate <= date '1998-12-01' - interval '89 days'
group by
	l_returnflag,
	l_linestatus
order by
	l_returnflag,
	l_linestatus;",active,2014-11-19 10:35:10.346615+01
1416389769.03778,dbt3,4407,10,mark,psql,,-1,2014-11-19 10:36:03.662496+01,2014-11-19 10:36:03.664863+01,2014-11-19 10:36:03.665024+01,f,"select
	s_name,
	s_address
from
	supplier,
	nation
where
	s_suppkey in (
		select
			ps_suppkey
		from
			partsupp
		where
			ps_partkey in (
				select
					p_partkey
				from
					part
				where
					p_name like 'pink%'
			)
			and ps_availqty > (
				select
					0.5 * sum(l_quantity)
				from
					lineitem
				where
					l_partkey = ps_partkey
					and l_suppkey = ps_suppkey
					and l_shipdate >= '1996-01-01'
					and l_shipdate < cast(date '1996-01-01' + interval '1 year' as date)
			)
	)
	and s_nationkey = n_nationkey
	and n_name = 'BRAZIL'
order by
	s_name;",active,2014-11-19 10:36:03.665025+01
1416389769.03778,dbt3,4397,10,mark,psql,,-1,2014-11-19 10:36:02.300293+01,2014-11-19 10:36:02.302832+01,2014-11-19 10:36:02.303028+01,f,"select
	cntrycode,
	count(*) as numcust,
	sum(c_acctbal) as totacctbal
from
	(
		select
			substr(c_phone, 1, 2) as cntrycode,
			c_acctbal
		from
			customer
		where
			substr(c_phone, 1, 2) in
				('21', '15', '26', '18', '31', '10', '16')
			and c_acctbal > (
				select
					avg(c_acctbal)
				from
					customer
				where
					c_acctbal > 0.00
					and substr(c_phone, 1, 2) in
						('21', '15', '26', '18', '31', '10', '16')
			)
			and not exists (
				select
					*
				from
					orders
				where
					o_custkey = c_custkey
			)
	) as vip
group by
	cntrycode
order by
	cntrycode;",active,2014-11-19 10:36:02.30303+01
1416389769.03778,dbt3,4386,10,mark,psql,,-1,2014-11-19 10:35:57.480202+01,2014-11-19 10:35:57.482058+01,2014-11-19 10:35:57.486854+01,f,"select
	s_suppkey,
	s_name,
	s_address,
	s_phone,
	total_revenue
from
	supplier,
	revenue2
where
	s_suppkey = supplier_no
	and total_revenue = (
		select
			max(total_revenue)
		from
			revenue2
	)
order by
	s_suppkey;",active,2014-11-19 10:35:57.486856+01
1416389769.03778,dbt3,4417,10,mark,psql,,-1,2014-11-19 10:36:04.787252+01,2014-11-19 10:36:04.789037+01,2014-11-19 10:36:04.789185+01,f,"select
	l_shipmode,
	sum(case
		when o_orderpriority = '1-URGENT'
			or o_orderpriority = '2-HIGH'
			then 1
		else 0
	end) as high_line_count,
	sum(case
		when o_orderpriority <> '1-URGENT'
			and o_orderpriority <> '2-HIGH'
			then 1
		else 0
	end) as low_line_count
from
	orders,
	lineitem
where
	o_orderkey = l_orderkey
	and l_shipmode in ('AIR', 'TRUCK')
	and l_commitdate < l_receiptdate
	and l_shipdate < l_commitdate
	and l_receiptdate >= date '1994-01-01'
	and l_receiptdate < date '1994-01-01' + interval '1 year'
group by
	l_shipmode
order by
	l_shipmode;",active,2014-11-19 10:36:04.789186+01
1416389769.03778,dbt3,4200,10,mark,psql,,-1,2014-11-19 10:35:17.856647+01,2014-11-19 10:35:17.858724+01,2014-11-19 10:35:17.858879+01,f,"select
	nation,
	o_year,
	sum(amount) as sum_profit
from
	(
		select
			n_name as nation,
			extract(year from o_orderdate) as o_year,
			l_extendedprice * (1 - l_discount) - ps_supplycost * l_quantity as amount
		from
			part,
			supplier,
			lineitem,
			partsupp,
			orders,
			nation
		where
			s_suppkey = l_suppkey
			and ps_suppkey = l_suppkey
			and ps_partkey = l_partkey
			and p_partkey = l_partkey
			and o_orderkey = l_orderkey
			and s_nationkey = n_nationkey
			and p_name like '%ghost%'
	) as profit
group by
	nation,
	o_year
order by
	nation,
	o_year desc;",active,2014-11-19 10:35:17.858881+01
1416389769.03778,dbt3,4230,10,mark,psql,,-1,2014-11-19 10:35:21.509217+01,2014-11-19 10:35:21.511721+01,2014-11-19 10:35:21.511896+01,f,"select
	c_name,
	c_custkey,
	o_orderkey,
	o_orderdate,
	o_totalprice,
	sum(l_quantity)
from
	customer,
	orders,
	lineitem
where
	o_orderkey in (
		select
			l_orderkey
		from
			lineitem
		group by
			l_orderkey having
				sum(l_quantity) > 315
	)
	and c_custkey = o_custkey
	and o_orderkey = l_orderkey
group by
	c_name,
	c_custkey,
	o_orderkey,
	o_orderdate,
	o_totalprice
order by
	o_totalprice desc,
	o_orderdate
LIMIT 100;",active,2014-11-19 10:35:21.511898+01
1416389769.03778,dbt3,4356,10,mark,psql,,-1,2014-11-19 10:35:54.306295+01,2014-11-19 10:35:54.308086+01,2014-11-19 10:35:54.33174+01,f,"DELETE FROM lineitem
USING tmp_orderkey6
WHERE l_orderkey = orderkey;",active,2014-11-19 10:35:54.331742+01
1416389769.03778,dbt3,4426,10,mark,psql,,-1,2014-11-19 10:36:09.035665+01,2014-11-19 10:36:09.037782+01,2014-11-19 10:36:09.037782+01,f,"COPY (SELECT EXTRACT(EPOCH FROM TRANSACTION_TIMESTAMP()) AS ctime, datname, pid, usesysid, usename, application_name, client_addr, client_port, backend_start, xact_start, query_start, waiting, query , state, state_change FROM pg_stat_activity) TO STDOUT (FORMAT CSV);",active,2014-11-19 10:36:09.037787+01
1416389829.0485,dbt3,4861,10,mark,psql,,-1,2014-11-19 10:37:06.297499+01,2014-11-19 10:37:06.299327+01,2014-11-19 10:37:06.299469+01,f,"select
	o_orderpriority,
	count(*) as order_count
from
	orders
where
	o_orderdate >= date '1997-10-01'
	and o_orderdate < cast(date '1997-10-01' + interval '3 month' as date)
	and exists (
		select
			*
		from
			lineitem
		where
			l_orderkey = o_orderkey
			and l_commitdate < l_receiptdate
	)
group by
	o_orderpriority
order by
	o_orderpriority;",active,2014-11-19 10:37:06.29947+01
1416389829.0485,dbt3,4710,10,mark,psql,,-1,2014-11-19 10:36:51.722284+01,2014-11-19 10:36:51.723788+01,2014-11-19 10:36:51.723927+01,f,"select
	nation,
	o_year,
	sum(amount) as sum_profit
from
	(
		select
			n_name as nation,
			extract(year from o_orderdate) as o_year,
			l_extendedprice * (1 - l_discount) - ps_supplycost * l_quantity as amount
		from
			part,
			supplier,
			lineitem,
			partsupp,
			orders,
			nation
		where
			s_suppkey = l_suppkey
			and ps_suppkey = l_suppkey
			and ps_partkey = l_partkey
			and p_partkey = l_partkey
			and o_orderkey = l_orderkey
			and s_nationkey = n_nationkey
			and p_name like '%sandy%'
	) as profit
group by
	nation,
	o_year
order by
	nation,
	o_year desc;",active,2014-11-19 10:36:51.723928+01
1416389829.0485,dbt3,4791,10,mark,psql,,-1,2014-11-19 10:36:57.546434+01,2014-11-19 10:36:57.548317+01,2014-11-19 10:36:57.548609+01,f,"select
	nation,
	o_year,
	sum(amount) as sum_profit
from
	(
		select
			n_name as nation,
			extract(year from o_orderdate) as o_year,
			l_extendedprice * (1 - l_discount) - ps_supplycost * l_quantity as amount
		from
			part,
			supplier,
			lineitem,
			partsupp,
			orders,
			nation
		where
			s_suppkey = l_suppkey
			and ps_suppkey = l_suppkey
			and ps_partkey = l_partkey
			and p_partkey = l_partkey
			and o_orderkey = l_orderkey
			and s_nationkey = n_nationkey
			and p_name like '%chartreuse%'
	) as profit
group by
	nation,
	o_year
order by
	nation,
	o_year desc;",active,2014-11-19 10:36:57.54863+01
1416389829.0485,dbt3,4751,10,mark,psql,,-1,2014-11-19 10:36:52.990166+01,2014-11-19 10:36:52.992565+01,2014-11-19 10:36:52.992745+01,f,"select
	l_shipmode,
	sum(case
		when o_orderpriority = '1-URGENT'
			or o_orderpriority = '2-HIGH'
			then 1
		else 0
	end) as high_line_count,
	sum(case
		when o_orderpriority <> '1-URGENT'
			and o_orderpriority <> '2-HIGH'
			then 1
		else 0
	end) as low_line_count
from
	orders,
	lineitem
where
	o_orderkey = l_orderkey
	and l_shipmode in ('FOB', 'RAIL')
	and l_commitdate < l_receiptdate
	and l_shipdate < l_commitdate
	and l_receiptdate >= date '1993-01-01'
	and l_receiptdate < date '1993-01-01' + interval '1 year'
group by
	l_shipmode
order by
	l_shipmode;",active,2014-11-19 10:36:52.992746+01
1416389829.0485,dbt3,4892,10,mark,psql,,-1,2014-11-19 10:37:08.009871+01,2014-11-19 10:37:08.011775+01,2014-11-19 10:37:08.011914+01,f,"select
	c_count,
	count(*) as custdist
from
	(
		select
			c_custkey,
			count(o_orderkey)
		from
			customer left outer join orders on
				c_custkey = o_custkey
				and o_comment not like '%pending%packages%'
		group by
			c_custkey
	) as c_orders (c_custkey, c_count)
group by
	c_count
order by
	custdist desc,
	c_count desc;",active,2014-11-19 10:37:08.011915+01
1416389829.0485,dbt3,4740,10,mark,psql,,-1,2014-11-19 10:36:52.823284+01,2014-11-19 10:36:52.825183+01,2014-11-19 10:36:52.829873+01,f,"select
	s_suppkey,
	s_name,
	s_address,
	s_phone,
	total_revenue
from
	supplier,
	revenue9
where
	s_suppkey = supplier_no
	and total_revenue = (
		select
			max(total_revenue)
		from
			revenue9
	)
order by
	s_suppkey;",active,2014-11-19 10:36:52.829875+01
1416389829.0485,dbt3,4882,10,mark,psql,,-1,2014-11-19 10:37:07.057032+01,2014-11-19 10:37:07.05883+01,2014-11-19 10:37:07.058977+01,f,"select
	c_count,
	count(*) as custdist
from
	(
		select
			c_custkey,
			count(o_orderkey)
		from
			customer left outer join orders on
				c_custkey = o_custkey
				and o_comment not like '%special%accounts%'
		group by
			c_custkey
	) as c_orders (c_custkey, c_count)
group by
	c_count
order by
	custdist desc,
	c_count desc;",active,2014-11-19 10:37:07.058978+01
1416389829.0485,dbt3,4872,10,mark,psql,,-1,2014-11-19 10:37:06.473051+01,2014-11-19 10:37:06.474901+01,2014-11-19 10:37:06.475043+01,f,"select
	l_returnflag,
	l_linestatus,
	sum(l_quantity) as sum_qty,
	sum(l_extendedprice) as sum_base_price,
	sum(l_extendedprice * (1 - l_discount)) as sum_disc_price,
	sum(l_extendedprice * (1 - l_discount) * (1 + l_tax)) as sum_charge,
	avg(l_quantity) as avg_qty,
	avg(l_extendedprice) as avg_price,
	avg(l_discount) as avg_disc,
	count(*) as count_order
from
	lineitem
where
	l_shipdate <= date '1998-12-01' - interval '110 days'
group by
	l_returnflag,
	l_linestatus
order by
	l_returnflag,
	l_linestatus;",active,2014-11-19 10:37:06.475044+01
1416389829.0485,dbt3,4831,10,mark,psql,,-1,2014-11-19 10:37:01.506133+01,2014-11-19 10:37:01.507987+01,2014-11-19 10:37:01.50818+01,f,"select
	supp_nation,
	cust_nation,
	l_year,
	sum(volume) as revenue
from
	(
		select
			n1.n_name as supp_nation,
			n2.n_name as cust_nation,
			extract(year from l_shipdate) as l_year,
			l_extendedprice * (1 - l_discount) as volume
		from
			supplier,
			lineitem,
			orders,
			customer,
			nation n1,
			nation n2
		where
			s_suppkey = l_suppkey
			and o_orderkey = l_orderkey
			and c_custkey = o_custkey
			and s_nationkey = n1.n_nationkey
			and c_nationkey = n2.n_nationkey
			and (
				(n1.n_name = 'IRAN' and n2.n_name = 'UNITED STATES')
				or (n1.n_name = 'UNITED STATES' and n2.n_name = 'IRAN')
			)
			and l_shipdate between date '1995-01-01' and date '1996-12-31'
	) as shipping
group by
	supp_nation,
	cust_nation,
	l_year
order by
	supp_nation,
	cust_nation,
	l_year;",active,2014-11-19 10:37:01.508182+01
1416389829.0485,dbt3,4801,10,mark,psql,,-1,2014-11-19 10:36:58.950565+01,2014-11-19 10:36:58.95252+01,2014-11-19 10:36:58.952766+01,f,"select
	nation,
	o_year,
	sum(amount) as sum_profit
from
	(
		select
			n_name as nation,
			extract(year from o_orderdate) as o_year,
			l_extendedprice * (1 - l_discount) - ps_supplycost * l_quantity as amount
		from
			part,
			supplier,
			lineitem,
			partsupp,
			orders,
			nation
		where
			s_suppkey = l_suppkey
			and ps_suppkey = l_suppkey
			and ps_partkey = l_partkey
			and p_partkey = l_partkey
			and o_orderkey = l_orderkey
			and s_nationkey = n_nationkey
			and p_name like '%indian%'
	) as profit
group by
	nation,
	o_year
order by
	nation,
	o_year desc;",active,2014-11-19 10:36:58.952768+01
1416389829.0485,dbt3,4841,10,mark,psql,,-1,2014-11-19 10:37:02.837056+01,2014-11-19 10:37:02.838883+01,2014-11-19 10:37:02.839044+01,f,"select
	p_brand,
	p_type,
	p_size,
	count(distinct ps_suppkey) as supplier_cnt
from
	partsupp,
	part
where
	p_partkey = ps_partkey
	and p_brand <> 'Brand#42'
	and p_type not like 'PROMO POLISHED%'
	and p_size in (7, 48, 42, 44, 17, 41, 39, 38)
	and ps_suppkey not in (
		select
			s_suppkey
		from
			supplier
		where
			s_comment like '%Customer%Complaints%'
	)
group by
	p_brand,
	p_type,
	p_size
order by
	supplier_cnt desc,
	p_brand,
	p_type,
	p_size;",active,2014-11-19 10:37:02.839046+01
1416389829.0485,dbt3,4851,10,mark,psql,,-1,2014-11-19 10:37:05.395469+01,2014-11-19 10:37:05.39734+01,2014-11-19 10:37:05.397504+01,f,"select
	cntrycode,
	count(*) as numcust,
	sum(c_acctbal) as totacctbal
from
	(
		select
			substr(c_phone, 1, 2) as cntrycode,
			c_acctbal
		from
			customer
		where
			substr(c_phone, 1, 2) in
				('10', '14', '23', '30', '32', '34', '24')
			and c_acctbal > (
				select
					avg(c_acctbal)
				from
					customer
				where
					c_acctbal > 0.00
					and substr(c_phone, 1, 2) in
						('10', '14', '23', '30', '32', '34', '24')
			)
			and not exists (
				select
					*
				from
					orders
				where
					o_custkey = c_custkey
			)
	) as vip
group by
	cntrycode
order by
	cntrycode;",active,2014-11-19 10:37:05.397505+01
1416389829.0485,dbt3,4661,10,mark,psql,,-1,2014-11-19 10:36:42.111598+01,2014-11-19 10:36:42.113513+01,2014-11-19 10:36:42.137653+01,f,"DELETE FROM lineitem
USING tmp_orderkey7
WHERE l_orderkey = orderkey;",active,2014-11-19 10:36:42.137656+01
1416389829.0485,dbt3,4900,10,mark,psql,,-1,2014-11-19 10:37:09.046733+01,2014-11-19 10:37:09.048496+01,2014-11-19 10:37:09.048496+01,f,"COPY (SELECT EXTRACT(EPOCH FROM TRANSACTION_TIMESTAMP()) AS ctime, datname, pid, usesysid, usename, application_name, client_addr, client_port, backend_start, xact_start, query_start, waiting, query , state, state_change FROM pg_stat_activity) TO STDOUT (FORMAT CSV);",active,2014-11-19 10:37:09.048501+01
1416389829.0485,dbt3,4902,10,mark,psql,,-1,2014-11-19 10:37:09.04734+01,2014-11-19 10:37:09.049126+01,2014-11-19 10:37:09.049126+01,f,"COPY (SELECT EXTRACT(EPOCH FROM TRANSACTION_TIMESTAMP()) AS ctime, datname, numbackends, xact_commit, xact_rollback, blks_read, blks_hit, tup_returned, tup_fetched, tup_inserted, tup_updated, tup_deleted FROM pg_stat_database) TO STDOUT (FORMAT CSV);",active,2014-11-19 10:37:09.049131+01
1416389829.0485,dbt3,4901,10,mark,psql,,-1,2014-11-19 10:37:09.047516+01,2014-11-19 10:37:09.04915+01,2014-11-19 10:37:09.04915+01,f,"COPY (SELECT EXTRACT(EPOCH FROM TRANSACTION_TIMESTAMP()) AS ctime, relname, pid, mode, granted FROM pg_locks, pg_class WHERE relfilenode = relation ORDER BY relname) TO STDOUT (FORMAT CSV);",active,2014-11-19 10:37:09.049153+01
1416389889.05152,dbt3,5151,10,mark,psql,,-1,2014-11-19 10:37:55.857375+01,2014-11-19 10:37:55.859151+01,2014-11-19 10:37:55.859286+01,f,"select
	l_orderkey,
	sum(l_extendedprice * (1 - l_discount)) as revenue,
	o_orderdate,
	o_shippriority
from
	customer,
	orders,
	lineitem
where
	c_mktsegment = 'MACHINERY'
	and c_custkey = o_custkey
	and l_orderkey = o_orderkey
	and o_orderdate < date '1995-03-31'
	and l_shipdate > date '1995-03-31'
group by
	l_orderkey,
	o_orderdate,
	o_shippriority
order by
	revenue desc,
	o_orderdate
LIMIT 10;",active,2014-11-19 10:37:55.859287+01
1416389889.05152,dbt3,4710,10,mark,psql,,-1,2014-11-19 10:36:51.722284+01,2014-11-19 10:36:51.723788+01,2014-11-19 10:36:51.723927+01,f,"select
	nation,
	o_year,
	sum(amount) as sum_profit
from
	(
		select
			n_name as nation,
			extract(year from o_orderdate) as o_year,
			l_extendedprice * (1 - l_discount) - ps_supplycost * l_quantity as amount
		from
			part,
			supplier,
			lineitem,
			partsupp,
			orders,
			nation
		where
			s_suppkey = l_suppkey
			and ps_suppkey = l_suppkey
			and ps_partkey = l_partkey
			and p_partkey = l_partkey
			and o_orderkey = l_orderkey
			and s_nationkey = n_nationkey
			and p_name like '%sandy%'
	) as profit
group by
	nation,
	o_year
order by
	nation,
	o_year desc;",active,2014-11-19 10:36:51.723928+01
1416389889.05152,dbt3,4791,10,mark,psql,,-1,2014-11-19 10:36:57.546434+01,2014-11-19 10:36:57.548317+01,2014-11-19 10:36:57.548609+01,f,"select
	nation,
	o_year,
	sum(amount) as sum_profit
from
	(
		select
			n_name as nation,
			extract(year from o_orderdate) as o_year,
			l_extendedprice * (1 - l_discount) - ps_supplycost * l_quantity as amount
		from
			part,
			supplier,
			lineitem,
			partsupp,
			orders,
			nation
		where
			s_suppkey = l_suppkey
			and ps_suppkey = l_suppkey
			and ps_partkey = l_partkey
			and p_partkey = l_partkey
			and o_orderkey = l_orderkey
			and s_nationkey = n_nationkey
			and p_name like '%chartreuse%'
	) as profit
group by
	nation,
	o_year
order by
	nation,
	o_year desc;",active,2014-11-19 10:36:57.54863+01
1416389889.05152,dbt3,5046,10,mark,psql,,-1,2014-11-19 10:37:27.269224+01,2014-11-19 10:37:27.271747+01,2014-11-19 10:37:27.271977+01,f,"select
	l_returnflag,
	l_linestatus,
	sum(l_quantity) as sum_qty,
	sum(l_extendedprice) as sum_base_price,
	sum(l_extendedprice * (1 - l_discount)) as sum_disc_price,
	sum(l_extendedprice * (1 - l_discount) * (1 + l_tax)) as sum_charge,
	avg(l_quantity) as avg_qty,
	avg(l_extendedprice) as avg_price,
	avg(l_discount) as avg_disc,
	count(*) as count_order
from
	lineitem
where
	l_shipdate <= date '1998-12-01' - interval '81 days'
group by
	l_returnflag,
	l_linestatus
order by
	l_returnflag,
	l_linestatus;",active,2014-11-19 10:37:27.271979+01
1416389889.05152,dbt3,5188,10,mark,psql,,-1,2014-11-19 10:38:07.051759+01,2014-11-19 10:38:07.053451+01,2014-11-19 10:38:07.05364+01,f,"select
	c_custkey,
	c_name,
	sum(l_extendedprice * (1 - l_discount)) as revenue,
	c_acctbal,
	n_name,
	c_address,
	c_phone,
	c_comment
from
	customer,
	orders,
	lineitem,
	nation
where
	c_custkey = o_custkey
	and l_orderkey = o_orderkey
	and o_orderdate >= date '1994-02-01'
	and o_orderdate < cast(date '1994-02-01' + interval '3 month' as date)
	and l_returnflag = 'R'
	and c_nationkey = n_nationkey
group by
	c_custkey,
	c_name,
	c_acctbal,
	c_phone,
	n_name,
	c_address,
	c_comment
order by
	revenue desc
LIMIT 20;",active,2014-11-19 10:38:07.053641+01
1416389889.05152,dbt3,5121,10,mark,psql,,-1,2014-11-19 10:37:44.089482+01,2014-11-19 10:37:44.092018+01,2014-11-19 10:37:44.09216+01,f,"select
	l_orderkey,
	sum(l_extendedprice * (1 - l_discount)) as revenue,
	o_orderdate,
	o_shippriority
from
	customer,
	orders,
	lineitem
where
	c_mktsegment = 'FURNITURE'
	and c_custkey = o_custkey
	and l_orderkey = o_orderkey
	and o_orderdate < date '1995-03-13'
	and l_shipdate > date '1995-03-13'
group by
	l_orderkey,
	o_orderdate,
	o_shippriority
order by
	revenue desc,
	o_orderdate
LIMIT 10;",active,2014-11-19 10:37:44.092161+01
1416389889.05152,dbt3,5199,10,mark,psql,,-1,2014-11-19 10:38:08.895881+01,2014-11-19 10:38:08.897647+01,2014-11-19 10:38:08.897827+01,f,"select
	100.00 * sum(case
		when p_type like 'PROMO%'
			then l_extendedprice * (1 - l_discount)
		else 0
	end) / sum(l_extendedprice * (1 - l_discount)) as promo_revenue
from
	lineitem,
	part
where
	l_partkey = p_partkey
	and l_shipdate >= date '1996-06-01'
	and l_shipdate < cast(date '1996-06-01' + interval '1 month' as date);",active,2014-11-19 10:38:08.897828+01
1416389889.05152,dbt3,4872,10,mark,psql,,-1,2014-11-19 10:37:06.473051+01,2014-11-19 10:37:06.474901+01,2014-11-19 10:37:06.475043+01,f,"select
	l_returnflag,
	l_linestatus,
	sum(l_quantity) as sum_qty,
	sum(l_extendedprice) as sum_base_price,
	sum(l_extendedprice * (1 - l_discount)) as sum_disc_price,
	sum(l_extendedprice * (1 - l_discount) * (1 + l_tax)) as sum_charge,
	avg(l_quantity) as avg_qty,
	avg(l_extendedprice) as avg_price,
	avg(l_discount) as avg_disc,
	count(*) as count_order
from
	lineitem
where
	l_shipdate <= date '1998-12-01' - interval '110 days'
group by
	l_returnflag,
	l_linestatus
order by
	l_returnflag,
	l_linestatus;",active,2014-11-19 10:37:06.475044+01
1416389889.05152,dbt3,5111,10,mark,psql,,-1,2014-11-19 10:37:43.862653+01,2014-11-19 10:37:43.865964+01,2014-11-19 10:37:43.866118+01,f,"select
	c_name,
	c_custkey,
	o_orderkey,
	o_orderdate,
	o_totalprice,
	sum(l_quantity)
from
	customer,
	orders,
	lineitem
where
	o_orderkey in (
		select
			l_orderkey
		from
			lineitem
		group by
			l_orderkey having
				sum(l_quantity) > 312
	)
	and c_custkey = o_custkey
	and o_orderkey = l_orderkey
group by
	c_name,
	c_custkey,
	o_orderkey,
	o_orderdate,
	o_totalprice
order by
	o_totalprice desc,
	o_orderdate
LIMIT 100;",active,2014-11-19 10:37:43.866119+01
1416389889.05152,dbt3,4801,10,mark,psql,,-1,2014-11-19 10:36:58.950565+01,2014-11-19 10:36:58.95252+01,2014-11-19 10:36:58.952766+01,f,"select
	nation,
	o_year,
	sum(amount) as sum_profit
from
	(
		select
			n_name as nation,
			extract(year from o_orderdate) as o_year,
			l_extendedprice * (1 - l_discount) - ps_supplycost * l_quantity as amount
		from
			part,
			supplier,
			lineitem,
			partsupp,
			orders,
			nation
		where
			s_suppkey = l_suppkey
			and ps_suppkey = l_suppkey
			and ps_partkey = l_partkey
			and p_partkey = l_partkey
			and o_orderkey = l_orderkey
			and s_nationkey = n_nationkey
			and p_name like '%indian%'
	) as profit
group by
	nation,
	o_year
order by
	nation,
	o_year desc;",active,2014-11-19 10:36:58.952768+01
1416389889.05152,dbt3,5131,10,mark,psql,,-1,2014-11-19 10:37:44.22349+01,2014-11-19 10:37:44.225777+01,2014-11-19 10:37:44.22627+01,f,"select
	c_name,
	c_custkey,
	o_orderkey,
	o_orderdate,
	o_totalprice,
	sum(l_quantity)
from
	customer,
	orders,
	lineitem
where
	o_orderkey in (
		select
			l_orderkey
		from
			lineitem
		group by
			l_orderkey having
				sum(l_quantity) > 315
	)
	and c_custkey = o_custkey
	and o_orderkey = l_orderkey
group by
	c_name,
	c_custkey,
	o_orderkey,
	o_orderdate,
	o_totalprice
order by
	o_totalprice desc,
	o_orderdate
LIMIT 100;",active,2014-11-19 10:37:44.226271+01
1416389889.05152,dbt3,4954,10,mark,psql,,-1,2014-11-19 10:37:14.743038+01,2014-11-19 10:37:14.744855+01,2014-11-19 10:37:14.744996+01,f,"select
	c_name,
	c_custkey,
	o_orderkey,
	o_orderdate,
	o_totalprice,
	sum(l_quantity)
from
	customer,
	orders,
	lineitem
where
	o_orderkey in (
		select
			l_orderkey
		from
			lineitem
		group by
			l_orderkey having
				sum(l_quantity) > 314
	)
	and c_custkey = o_custkey
	and o_orderkey = l_orderkey
group by
	c_name,
	c_custkey,
	o_orderkey,
	o_orderdate,
	o_totalprice
order by
	o_totalprice desc,
	o_orderdate
LIMIT 100;",active,2014-11-19 10:37:14.744997+01
1416389889.05152,dbt3,5206,10,mark,psql,,-1,2014-11-19 10:38:09.04929+01,2014-11-19 10:38:09.051099+01,2014-11-19 10:38:09.051099+01,f,"COPY (SELECT EXTRACT(EPOCH FROM TRANSACTION_TIMESTAMP()) AS ctime, relname, pid, mode, granted FROM pg_locks, pg_class WHERE relfilenode = relation ORDER BY relname) TO STDOUT (FORMAT CSV);",active,2014-11-19 10:38:09.051103+01
1416389889.05152,dbt3,5207,10,mark,psql,,-1,2014-11-19 10:38:09.049846+01,2014-11-19 10:38:09.051517+01,2014-11-19 10:38:09.051517+01,f,"COPY (SELECT EXTRACT(EPOCH FROM TRANSACTION_TIMESTAMP()) AS ctime, datname, pid, usesysid, usename, application_name, client_addr, client_port, backend_start, xact_start, query_start, waiting, query , state, state_change FROM pg_stat_activity) TO STDOUT (FORMAT CSV);",active,2014-11-19 10:38:09.051521+01
1416389889.05152,dbt3,5208,10,mark,psql,,-1,2014-11-19 10:38:09.051884+01,2014-11-19 10:38:09.053471+01,2014-11-19 10:38:09.053471+01,f,"COPY (SELECT EXTRACT(EPOCH FROM TRANSACTION_TIMESTAMP()) AS ctime, datname, numbackends, xact_commit, xact_rollback, blks_read, blks_hit, tup_returned, tup_fetched, tup_inserted, tup_updated, tup_deleted FROM pg_stat_database) TO STDOUT (FORMAT CSV);",active,2014-11-19 10:38:09.053475+01
1416389949.05512,dbt3,5288,10,mark,psql,,-1,2014-11-19 10:38:22.808888+01,2014-11-19 10:38:22.81065+01,2014-11-19 10:38:22.810792+01,f,"select
	nation,
	o_year,
	sum(amount) as sum_profit
from
	(
		select
			n_name as nation,
			extract(year from o_orderdate) as o_year,
			l_extendedprice * (1 - l_discount) - ps_supplycost * l_quantity as amount
		from
			part,
			supplier,
			lineitem,
			partsupp,
			orders,
			nation
		where
			s_suppkey = l_suppkey
			and ps_suppkey = l_suppkey
			and ps_partkey = l_partkey
			and p_partkey = l_partkey
			and o_orderkey = l_orderkey
			and s_nationkey = n_nationkey
			and p_name like '%snow%'
	) as profit
group by
	nation,
	o_year
order by
	nation,
	o_year desc;",active,2014-11-19 10:38:22.810793+01
1416389949.05512,dbt3,5511,10,mark,psql,,-1,2014-11-19 10:38:57.381356+01,2014-11-19 10:38:57.383156+01,2014-11-19 10:38:57.383314+01,f,"select
	c_custkey,
	c_name,
	sum(l_extendedprice * (1 - l_discount)) as revenue,
	c_acctbal,
	n_name,
	c_address,
	c_phone,
	c_comment
from
	customer,
	orders,
	lineitem,
	nation
where
	c_custkey = o_custkey
	and l_orderkey = o_orderkey
	and o_orderdate >= date '1994-07-01'
	and o_orderdate < cast(date '1994-07-01' + interval '3 month' as date)
	and l_returnflag = 'R'
	and c_nationkey = n_nationkey
group by
	c_custkey,
	c_name,
	c_acctbal,
	c_phone,
	n_name,
	c_address,
	c_comment
order by
	revenue desc
LIMIT 20;",active,2014-11-19 10:38:57.383315+01
1416389949.05512,dbt3,5531,10,mark,psql,,-1,2014-11-19 10:38:59.086566+01,2014-11-19 10:38:59.088234+01,2014-11-19 10:38:59.088364+01,f,"select
	c_count,
	count(*) as custdist
from
	(
		select
			c_custkey,
			count(o_orderkey)
		from
			customer left outer join orders on
				c_custkey = o_custkey
				and o_comment not like '%pending%packages%'
		group by
			c_custkey
	) as c_orders (c_custkey, c_count)
group by
	c_count
order by
	custdist desc,
	c_count desc;",active,2014-11-19 10:38:59.088365+01
1416389949.05512,dbt3,5497,10,mark,psql,,-1,2014-11-19 10:38:51.512643+01,2014-11-19 10:38:51.514452+01,2014-11-19 10:38:51.514616+01,f,"select
	supp_nation,
	cust_nation,
	l_year,
	sum(volume) as revenue
from
	(
		select
			n1.n_name as supp_nation,
			n2.n_name as cust_nation,
			extract(year from l_shipdate) as l_year,
			l_extendedprice * (1 - l_discount) as volume
		from
			supplier,
			lineitem,
			orders,
			customer,
			nation n1,
			nation n2
		where
			s_suppkey = l_suppkey
			and o_orderkey = l_orderkey
			and c_custkey = o_custkey
			and s_nationkey = n1.n_nationkey
			and c_nationkey = n2.n_nationkey
			and (
				(n1.n_name = 'EGYPT' and n2.n_name = 'CHINA')
				or (n1.n_name = 'CHINA' and n2.n_name = 'EGYPT')
			)
			and l_shipdate between date '1995-01-01' and date '1996-12-31'
	) as shipping
group by
	supp_nation,
	cust_nation,
	l_year
order by
	supp_nation,
	cust_nation,
	l_year;",active,2014-11-19 10:38:51.514618+01
1416389949.05512,dbt3,5400,10,mark,psql,,-1,2014-11-19 10:38:38.563487+01,2014-11-19 10:38:38.565327+01,2014-11-19 10:38:38.565473+01,f,"select
	nation,
	o_year,
	sum(amount) as sum_profit
from
	(
		select
			n_name as nation,
			extract(year from o_orderdate) as o_year,
			l_extendedprice * (1 - l_discount) - ps_supplycost * l_quantity as amount
		from
			part,
			supplier,
			lineitem,
			partsupp,
			orders,
			nation
		where
			s_suppkey = l_suppkey
			and ps_suppkey = l_suppkey
			and ps_partkey = l_partkey
			and p_partkey = l_partkey
			and o_orderkey = l_orderkey
			and s_nationkey = n_nationkey
			and p_name like '%turquoise%'
	) as profit
group by
	nation,
	o_year
order by
	nation,
	o_year desc;",active,2014-11-19 10:38:38.565474+01
1416389949.05512,dbt3,5565,10,mark,psql,,-1,2014-11-19 10:39:07.202438+01,2014-11-19 10:39:07.204393+01,2014-11-19 10:39:07.204628+01,f,"select
	l_shipmode,
	sum(case
		when o_orderpriority = '1-URGENT'
			or o_orderpriority = '2-HIGH'
			then 1
		else 0
	end) as high_line_count,
	sum(case
		when o_orderpriority <> '1-URGENT'
			and o_orderpriority <> '2-HIGH'
			then 1
		else 0
	end) as low_line_count
from
	orders,
	lineitem
where
	o_orderkey = l_orderkey
	and l_shipmode in ('RAIL', 'AIR')
	and l_commitdate < l_receiptdate
	and l_shipdate < l_commitdate
	and l_receiptdate >= date '1997-01-01'
	and l_receiptdate < date '1997-01-01' + interval '1 year'
group by
	l_shipmode
order by
	l_shipmode;",active,2014-11-19 10:39:07.20463+01
1416389949.05512,dbt3,5268,10,mark,psql,,-1,2014-11-19 10:38:18.754317+01,2014-11-19 10:38:18.755956+01,2014-11-19 10:38:18.756158+01,f,"select
	nation,
	o_year,
	sum(amount) as sum_profit
from
	(
		select
			n_name as nation,
			extract(year from o_orderdate) as o_year,
			l_extendedprice * (1 - l_discount) - ps_supplycost * l_quantity as amount
		from
			part,
			supplier,
			lineitem,
			partsupp,
			orders,
			nation
		where
			s_suppkey = l_suppkey
			and ps_suppkey = l_suppkey
			and ps_partkey = l_partkey
			and p_partkey = l_partkey
			and o_orderkey = l_orderkey
			and s_nationkey = n_nationkey
			and p_name like '%medium%'
	) as profit
group by
	nation,
	o_year
order by
	nation,
	o_year desc;",active,2014-11-19 10:38:18.75616+01
1416389949.05512,dbt3,5541,10,mark,psql,,-1,2014-11-19 10:39:00.230859+01,2014-11-19 10:39:00.232714+01,2014-11-19 10:39:00.232869+01,f,"select
	s_name,
	s_address
from
	supplier,
	nation
where
	s_suppkey in (
		select
			ps_suppkey
		from
			partsupp
		where
			ps_partkey in (
				select
					p_partkey
				from
					part
				where
					p_name like 'floral%'
			)
			and ps_availqty > (
				select
					0.5 * sum(l_quantity)
				from
					lineitem
				where
					l_partkey = ps_partkey
					and l_suppkey = ps_suppkey
					and l_shipdate >= '1994-01-01'
					and l_shipdate < cast(date '1994-01-01' + interval '1 year' as date)
			)
	)
	and s_nationkey = n_nationkey
	and n_name = 'KENYA'
order by
	s_name;",active,2014-11-19 10:39:00.23287+01
1416389949.05512,dbt3,5430,10,mark,psql,,-1,2014-11-19 10:38:47.249511+01,2014-11-19 10:38:47.251258+01,2014-11-19 10:38:47.251412+01,f,"select
	l_returnflag,
	l_linestatus,
	sum(l_quantity) as sum_qty,
	sum(l_extendedprice) as sum_base_price,
	sum(l_extendedprice * (1 - l_discount)) as sum_disc_price,
	sum(l_extendedprice * (1 - l_discount) * (1 + l_tax)) as sum_charge,
	avg(l_quantity) as avg_qty,
	avg(l_extendedprice) as avg_price,
	avg(l_discount) as avg_disc,
	count(*) as count_order
from
	lineitem
where
	l_shipdate <= date '1998-12-01' - interval '86 days'
group by
	l_returnflag,
	l_linestatus
order by
	l_returnflag,
	l_linestatus;",active,2014-11-19 10:38:47.251413+01
1416389949.05512,dbt3,5575,10,mark,psql,,-1,2014-11-19 10:39:08.039354+01,2014-11-19 10:39:08.04121+01,2014-11-19 10:39:08.041363+01,f,"select
	ps_partkey,
	sum(ps_supplycost * ps_availqty) as value
from
	partsupp,
	supplier,
	nation
where
	ps_suppkey = s_suppkey
	and s_nationkey = n_nationkey
	and n_name = 'INDIA'
group by
	ps_partkey having
		sum(ps_supplycost * ps_availqty) > (
			select
				sum(ps_supplycost * ps_availqty) * 0.0000100000
			from
				partsupp,
				supplier,
				nation
			where
				ps_suppkey = s_suppkey
				and s_nationkey = n_nationkey
				and n_name = 'INDIA'
		)
order by
	value desc;",active,2014-11-19 10:39:08.041364+01
1416389949.05512,dbt3,5420,10,mark,psql,,-1,2014-11-19 10:38:46.174827+01,2014-11-19 10:38:46.176614+01,2014-11-19 10:38:46.176756+01,f,"select
	l_returnflag,
	l_linestatus,
	sum(l_quantity) as sum_qty,
	sum(l_extendedprice) as sum_base_price,
	sum(l_extendedprice * (1 - l_discount)) as sum_disc_price,
	sum(l_extendedprice * (1 - l_discount) * (1 + l_tax)) as sum_charge,
	avg(l_quantity) as avg_qty,
	avg(l_extendedprice) as avg_price,
	avg(l_discount) as avg_disc,
	count(*) as count_order
from
	lineitem
where
	l_shipdate <= date '1998-12-01' - interval '102 days'
group by
	l_returnflag,
	l_linestatus
order by
	l_returnflag,
	l_linestatus;",active,2014-11-19 10:38:46.176758+01
1416389949.05512,dbt3,5555,10,mark,psql,,-1,2014-11-19 10:39:01.554289+01,2014-11-19 10:39:01.556073+01,2014-11-19 10:39:01.580652+01,f,"DELETE FROM lineitem
USING tmp_orderkey10
WHERE l_orderkey = orderkey;",active,2014-11-19 10:39:01.580654+01
1416389949.05512,dbt3,5389,10,mark,psql,,-1,2014-11-19 10:38:36.906778+01,2014-11-19 10:38:36.908562+01,2014-11-19 10:38:36.908704+01,f,"select
	l_returnflag,
	l_linestatus,
	sum(l_quantity) as sum_qty,
	sum(l_extendedprice) as sum_base_price,
	sum(l_extendedprice * (1 - l_discount)) as sum_disc_price,
	sum(l_extendedprice * (1 - l_discount) * (1 + l_tax)) as sum_charge,
	avg(l_quantity) as avg_qty,
	avg(l_extendedprice) as avg_price,
	avg(l_discount) as avg_disc,
	count(*) as count_order
from
	lineitem
where
	l_shipdate <= date '1998-12-01' - interval '118 days'
group by
	l_returnflag,
	l_linestatus
order by
	l_returnflag,
	l_linestatus;",active,2014-11-19 10:38:36.908705+01
1416389949.05512,dbt3,5584,10,mark,psql,,-1,2014-11-19 10:39:09.052985+01,2014-11-19 10:39:09.055118+01,2014-11-19 10:39:09.055118+01,f,"COPY (SELECT EXTRACT(EPOCH FROM TRANSACTION_TIMESTAMP()) AS ctime, datname, pid, usesysid, usename, application_name, client_addr, client_port, backend_start, xact_start, query_start, waiting, query , state, state_change FROM pg_stat_activity) TO STDOUT (FORMAT CSV);",active,2014-11-19 10:39:09.055123+01
1416390009.05909,dbt3,5803,10,mark,psql,,-1,2014-11-19 10:40:00.328936+01,2014-11-19 10:40:00.330811+01,2014-11-19 10:40:00.330979+01,f,"select
	s_name,
	count(*) as numwait
from
	supplier,
	lineitem l1,
	orders,
	nation
where
	s_suppkey = l1.l_suppkey
	and o_orderkey = l1.l_orderkey
	and o_orderstatus = 'F'
	and l1.l_receiptdate > l1.l_commitdate
	and exists (
		select
			*
		from
			lineitem l2
		where
			l2.l_orderkey = l1.l_orderkey
			and l2.l_suppkey <> l1.l_suppkey
	)
	and not exists (
		select
			*
		from
			lineitem l3
		where
			l3.l_orderkey = l1.l_orderkey
			and l3.l_suppkey <> l1.l_suppkey
			and l3.l_receiptdate > l3.l_commitdate
	)
	and s_nationkey = n_nationkey
	and n_name = 'MOROCCO'
group by
	s_name
order by
	numwait desc,
	s_name
LIMIT 100;",active,2014-11-19 10:40:00.330981+01
1416390009.05909,dbt3,5773,10,mark,psql,,-1,2014-11-19 10:39:51.642927+01,2014-11-19 10:39:51.644741+01,2014-11-19 10:39:51.64491+01,f,"select
	s_name,
	count(*) as numwait
from
	supplier,
	lineitem l1,
	orders,
	nation
where
	s_suppkey = l1.l_suppkey
	and o_orderkey = l1.l_orderkey
	and o_orderstatus = 'F'
	and l1.l_receiptdate > l1.l_commitdate
	and exists (
		select
			*
		from
			lineitem l2
		where
			l2.l_orderkey = l1.l_orderkey
			and l2.l_suppkey <> l1.l_suppkey
	)
	and not exists (
		select
			*
		from
			lineitem l3
		where
			l3.l_orderkey = l1.l_orderkey
			and l3.l_suppkey <> l1.l_suppkey
			and l3.l_receiptdate > l3.l_commitdate
	)
	and s_nationkey = n_nationkey
	and n_name = 'KENYA'
group by
	s_name
order by
	numwait desc,
	s_name
LIMIT 100;",active,2014-11-19 10:39:51.644911+01
1416390009.05909,dbt3,5783,10,mark,psql,,-1,2014-11-19 10:39:55.525225+01,2014-11-19 10:39:55.527161+01,2014-11-19 10:39:55.527341+01,f,"select
	c_custkey,
	c_name,
	sum(l_extendedprice * (1 - l_discount)) as revenue,
	c_acctbal,
	n_name,
	c_address,
	c_phone,
	c_comment
from
	customer,
	orders,
	lineitem,
	nation
where
	c_custkey = o_custkey
	and l_orderkey = o_orderkey
	and o_orderdate >= date '1993-10-01'
	and o_orderdate < cast(date '1993-10-01' + interval '3 month' as date)
	and l_returnflag = 'R'
	and c_nationkey = n_nationkey
group by
	c_custkey,
	c_name,
	c_acctbal,
	c_phone,
	n_name,
	c_address,
	c_comment
order by
	revenue desc
LIMIT 20;",active,2014-11-19 10:39:55.527343+01
1416390009.05909,dbt3,5666,10,mark,psql,,-1,2014-11-19 10:39:27.738686+01,2014-11-19 10:39:27.740225+01,2014-11-19 10:39:27.740358+01,f,"select
	nation,
	o_year,
	sum(amount) as sum_profit
from
	(
		select
			n_name as nation,
			extract(year from o_orderdate) as o_year,
			l_extendedprice * (1 - l_discount) - ps_supplycost * l_quantity as amount
		from
			part,
			supplier,
			lineitem,
			partsupp,
			orders,
			nation
		where
			s_suppkey = l_suppkey
			and ps_suppkey = l_suppkey
			and ps_partkey = l_partkey
			and p_partkey = l_partkey
			and o_orderkey = l_orderkey
			and s_nationkey = n_nationkey
			and p_name like '%antique%'
	) as profit
group by
	nation,
	o_year
order by
	nation,
	o_year desc;",active,2014-11-19 10:39:27.74036+01
1416390009.05909,dbt3,5400,10,mark,psql,,-1,2014-11-19 10:38:38.563487+01,2014-11-19 10:38:38.565327+01,2014-11-19 10:38:38.565473+01,f,"select
	nation,
	o_year,
	sum(amount) as sum_profit
from
	(
		select
			n_name as nation,
			extract(year from o_orderdate) as o_year,
			l_extendedprice * (1 - l_discount) - ps_supplycost * l_quantity as amount
		from
			part,
			supplier,
			lineitem,
			partsupp,
			orders,
			nation
		where
			s_suppkey = l_suppkey
			and ps_suppkey = l_suppkey
			and ps_partkey = l_partkey
			and p_partkey = l_partkey
			and o_orderkey = l_orderkey
			and s_nationkey = n_nationkey
			and p_name like '%turquoise%'
	) as profit
group by
	nation,
	o_year
order by
	nation,
	o_year desc;",active,2014-11-19 10:38:38.565474+01
1416390009.05909,dbt3,5763,10,mark,psql,,-1,2014-11-19 10:39:50.228769+01,2014-11-19 10:39:50.230585+01,2014-11-19 10:39:50.230731+01,f,"select
	nation,
	o_year,
	sum(amount) as sum_profit
from
	(
		select
			n_name as nation,
			extract(year from o_orderdate) as o_year,
			l_extendedprice * (1 - l_discount) - ps_supplycost * l_quantity as amount
		from
			part,
			supplier,
			lineitem,
			partsupp,
			orders,
			nation
		where
			s_suppkey = l_suppkey
			and ps_suppkey = l_suppkey
			and ps_partkey = l_partkey
			and p_partkey = l_partkey
			and o_orderkey = l_orderkey
			and s_nationkey = n_nationkey
			and p_name like '%drab%'
	) as profit
group by
	nation,
	o_year
order by
	nation,
	o_year desc;",active,2014-11-19 10:39:50.230733+01
1416390009.05909,dbt3,5843,10,mark,psql,,-1,2014-11-19 10:40:05.5728+01,2014-11-19 10:40:05.574581+01,2014-11-19 10:40:05.574723+01,f,"select
	l_returnflag,
	l_linestatus,
	sum(l_quantity) as sum_qty,
	sum(l_extendedprice) as sum_base_price,
	sum(l_extendedprice * (1 - l_discount)) as sum_disc_price,
	sum(l_extendedprice * (1 - l_discount) * (1 + l_tax)) as sum_charge,
	avg(l_quantity) as avg_qty,
	avg(l_extendedprice) as avg_price,
	avg(l_discount) as avg_disc,
	count(*) as count_order
from
	lineitem
where
	l_shipdate <= date '1998-12-01' - interval '78 days'
group by
	l_returnflag,
	l_linestatus
order by
	l_returnflag,
	l_linestatus;",active,2014-11-19 10:40:05.574724+01
1416390009.05909,dbt3,5753,10,mark,psql,,-1,2014-11-19 10:39:48.275816+01,2014-11-19 10:39:48.27958+01,2014-11-19 10:39:48.279736+01,f,"select
	c_count,
	count(*) as custdist
from
	(
		select
			c_custkey,
			count(o_orderkey)
		from
			customer left outer join orders on
				c_custkey = o_custkey
				and o_comment not like '%pending%requests%'
		group by
			c_custkey
	) as c_orders (c_custkey, c_count)
group by
	c_count
order by
	custdist desc,
	c_count desc;",active,2014-11-19 10:39:48.279737+01
1416390009.05909,dbt3,5430,10,mark,psql,,-1,2014-11-19 10:38:47.249511+01,2014-11-19 10:38:47.251258+01,2014-11-19 10:38:47.251412+01,f,"select
	l_returnflag,
	l_linestatus,
	sum(l_quantity) as sum_qty,
	sum(l_extendedprice) as sum_base_price,
	sum(l_extendedprice * (1 - l_discount)) as sum_disc_price,
	sum(l_extendedprice * (1 - l_discount) * (1 + l_tax)) as sum_charge,
	avg(l_quantity) as avg_qty,
	avg(l_extendedprice) as avg_price,
	avg(l_discount) as avg_disc,
	count(*) as count_order
from
	lineitem
where
	l_shipdate <= date '1998-12-01' - interval '86 days'
group by
	l_returnflag,
	l_linestatus
order by
	l_returnflag,
	l_linestatus;",active,2014-11-19 10:38:47.251413+01
1416390009.05909,dbt3,5833,10,mark,psql,,-1,2014-11-19 10:40:05.51287+01,2014-11-19 10:40:05.514616+01,2014-11-19 10:40:05.514751+01,f,"select
	c_count,
	count(*) as custdist
from
	(
		select
			c_custkey,
			count(o_orderkey)
		from
			customer left outer join orders on
				c_custkey = o_custkey
				and o_comment not like '%special%deposits%'
		group by
			c_custkey
	) as c_orders (c_custkey, c_count)
group by
	c_count
order by
	custdist desc,
	c_count desc;",active,2014-11-19 10:40:05.514752+01
1416390009.05909,dbt3,5420,10,mark,psql,,-1,2014-11-19 10:38:46.174827+01,2014-11-19 10:38:46.176614+01,2014-11-19 10:38:46.176756+01,f,"select
	l_returnflag,
	l_linestatus,
	sum(l_quantity) as sum_qty,
	sum(l_extendedprice) as sum_base_price,
	sum(l_extendedprice * (1 - l_discount)) as sum_disc_price,
	sum(l_extendedprice * (1 - l_discount) * (1 + l_tax)) as sum_charge,
	avg(l_quantity) as avg_qty,
	avg(l_extendedprice) as avg_price,
	avg(l_discount) as avg_disc,
	count(*) as count_order
from
	lineitem
where
	l_shipdate <= date '1998-12-01' - interval '102 days'
group by
	l_returnflag,
	l_linestatus
order by
	l_returnflag,
	l_linestatus;",active,2014-11-19 10:38:46.176758+01
1416390009.05909,dbt3,5743,10,mark,psql,,-1,2014-11-19 10:39:47.633779+01,2014-11-19 10:39:47.635691+01,2014-11-19 10:39:47.659784+01,f,"DELETE FROM lineitem
USING tmp_orderkey11
WHERE l_orderkey = orderkey;",active,2014-11-19 10:39:47.659786+01
1416390009.05909,dbt3,5813,10,mark,psql,,-1,2014-11-19 10:40:01.146039+01,2014-11-19 10:40:01.148102+01,2014-11-19 10:40:01.148272+01,f,"select
	n_name,
	sum(l_extendedprice * (1 - l_discount)) as revenue
from
	customer,
	orders,
	lineitem,
	supplier,
	nation,
	region
where
	c_custkey = o_custkey
	and l_orderkey = o_orderkey
	and l_suppkey = s_suppkey
	and c_nationkey = s_nationkey
	and s_nationkey = n_nationkey
	and n_regionkey = r_regionkey
	and r_name = 'ASIA'
	and o_orderdate >= date '1995-01-01'
	and o_orderdate < date '1995-01-01' + interval '1 year'
group by
	n_name
order by
	revenue desc;",active,2014-11-19 10:40:01.148274+01
1416390009.05909,dbt3,5851,10,mark,psql,,-1,2014-11-19 10:40:09.056113+01,2014-11-19 10:40:09.058047+01,2014-11-19 10:40:09.058047+01,f,"COPY (SELECT EXTRACT(EPOCH FROM TRANSACTION_TIMESTAMP()) AS ctime, relname, pid, mode, granted FROM pg_locks, pg_class WHERE relfilenode = relation ORDER BY relname) TO STDOUT (FORMAT CSV);",active,2014-11-19 10:40:09.058053+01
1416390009.05909,dbt3,5852,10,mark,psql,,-1,2014-11-19 10:40:09.056475+01,2014-11-19 10:40:09.058097+01,2014-11-19 10:40:09.058097+01,f,"COPY (SELECT EXTRACT(EPOCH FROM TRANSACTION_TIMESTAMP()) AS ctime, datname, numbackends, xact_commit, xact_rollback, blks_read, blks_hit, tup_returned, tup_fetched, tup_inserted, tup_updated, tup_deleted FROM pg_stat_database) TO STDOUT (FORMAT CSV);",active,2014-11-19 10:40:09.0581+01
1416390009.05909,dbt3,5853,10,mark,psql,,-1,2014-11-19 10:40:09.056456+01,2014-11-19 10:40:09.059093+01,2014-11-19 10:40:09.059093+01,f,"COPY (SELECT EXTRACT(EPOCH FROM TRANSACTION_TIMESTAMP()) AS ctime, datname, pid, usesysid, usename, application_name, client_addr, client_port, backend_start, xact_start, query_start, waiting, query , state, state_change FROM pg_stat_activity) TO STDOUT (FORMAT CSV);",active,2014-11-19 10:40:09.059098+01
1416390009.05909,dbt3,5854,10,mark,psql,,-1,2014-11-19 10:40:09.058457+01,,,f,"",idle,2014-11-19 10:40:09.059927+01
1416390069.06708,dbt3,6126,10,mark,psql,,-1,2014-11-19 10:40:45.549969+01,2014-11-19 10:40:45.551907+01,2014-11-19 10:40:45.552043+01,f,"select
	c_count,
	count(*) as custdist
from
	(
		select
			c_custkey,
			count(o_orderkey)
		from
			customer left outer join orders on
				c_custkey = o_custkey
				and o_comment not like '%pending%packages%'
		group by
			c_custkey
	) as c_orders (c_custkey, c_count)
group by
	c_count
order by
	custdist desc,
	c_count desc;",active,2014-11-19 10:40:45.552044+01
1416390069.06708,dbt3,5981,10,mark,psql,,-1,2014-11-19 10:40:28.255804+01,2014-11-19 10:40:28.257635+01,2014-11-19 10:40:28.257824+01,f,"select
	c_name,
	c_custkey,
	o_orderkey,
	o_orderdate,
	o_totalprice,
	sum(l_quantity)
from
	customer,
	orders,
	lineitem
where
	o_orderkey in (
		select
			l_orderkey
		from
			lineitem
		group by
			l_orderkey having
				sum(l_quantity) > 313
	)
	and c_custkey = o_custkey
	and o_orderkey = l_orderkey
group by
	c_name,
	c_custkey,
	o_orderkey,
	o_orderdate,
	o_totalprice
order by
	o_totalprice desc,
	o_orderdate
LIMIT 100;",active,2014-11-19 10:40:28.257825+01
1416390069.06708,dbt3,6303,10,mark,psql,,-1,2014-11-19 10:41:07.985903+01,2014-11-19 10:41:07.987814+01,2014-11-19 10:41:07.987976+01,f,"select
	l_shipmode,
	sum(case
		when o_orderpriority = '1-URGENT'
			or o_orderpriority = '2-HIGH'
			then 1
		else 0
	end) as high_line_count,
	sum(case
		when o_orderpriority <> '1-URGENT'
			and o_orderpriority <> '2-HIGH'
			then 1
		else 0
	end) as low_line_count
from
	orders,
	lineitem
where
	o_orderkey = l_orderkey
	and l_shipmode in ('REG AIR', 'AIR')
	and l_commitdate < l_receiptdate
	and l_shipdate < l_commitdate
	and l_receiptdate >= date '1993-01-01'
	and l_receiptdate < date '1993-01-01' + interval '1 year'
group by
	l_shipmode
order by
	l_shipmode;",active,2014-11-19 10:41:07.987977+01
1416390069.06708,dbt3,6266,10,mark,psql,,-1,2014-11-19 10:41:06.369501+01,2014-11-19 10:41:06.37127+01,2014-11-19 10:41:06.371405+01,f,"select
	100.00 * sum(case
		when p_type like 'PROMO%'
			then l_extendedprice * (1 - l_discount)
		else 0
	end) / sum(l_extendedprice * (1 - l_discount)) as promo_revenue
from
	lineitem,
	part
where
	l_partkey = p_partkey
	and l_shipdate >= date '1993-08-01'
	and l_shipdate < cast(date '1993-08-01' + interval '1 month' as date);",active,2014-11-19 10:41:06.371406+01
1416390069.06708,dbt3,6293,10,mark,psql,,-1,2014-11-19 10:41:07.884748+01,2014-11-19 10:41:07.887351+01,2014-11-19 10:41:07.887637+01,f,"select
	o_year,
	sum(case
		when nation = 'IRAN' then volume
		else 0
	end) / sum(volume) as mkt_share
from
	(
		select
			extract(year from o_orderdate) as o_year,
			l_extendedprice * (1 - l_discount) as volume,
			n2.n_name as nation
		from
			part,
			supplier,
			lineitem,
			orders,
			customer,
			nation n1,
			nation n2,
			region
		where
			p_partkey = l_partkey
			and s_suppkey = l_suppkey
			and l_orderkey = o_orderkey
			and o_custkey = c_custkey
			and c_nationkey = n1.n_nationkey
			and n1.n_regionkey = r_regionkey
			and r_name = 'MIDDLE EAST'
			and s_nationkey = n2.n_nationkey
			and o_orderdate between date '1995-01-01' and date '1996-12-31'
			and p_type = 'PROMO POLISHED BRASS'
	) as all_nations
group by
	o_year
order by
	o_year;",active,2014-11-19 10:41:07.887639+01
1416390069.06708,dbt3,5763,10,mark,psql,,-1,2014-11-19 10:39:50.228769+01,2014-11-19 10:39:50.230585+01,2014-11-19 10:39:50.230731+01,f,"select
	nation,
	o_year,
	sum(amount) as sum_profit
from
	(
		select
			n_name as nation,
			extract(year from o_orderdate) as o_year,
			l_extendedprice * (1 - l_discount) - ps_supplycost * l_quantity as amount
		from
			part,
			supplier,
			lineitem,
			partsupp,
			orders,
			nation
		where
			s_suppkey = l_suppkey
			and ps_suppkey = l_suppkey
			and ps_partkey = l_partkey
			and p_partkey = l_partkey
			and o_orderkey = l_orderkey
			and s_nationkey = n_nationkey
			and p_name like '%drab%'
	) as profit
group by
	nation,
	o_year
order by
	nation,
	o_year desc;",active,2014-11-19 10:39:50.230733+01
1416390069.06708,dbt3,5843,10,mark,psql,,-1,2014-11-19 10:40:05.5728+01,2014-11-19 10:40:05.574581+01,2014-11-19 10:40:05.574723+01,f,"select
	l_returnflag,
	l_linestatus,
	sum(l_quantity) as sum_qty,
	sum(l_extendedprice) as sum_base_price,
	sum(l_extendedprice * (1 - l_discount)) as sum_disc_price,
	sum(l_extendedprice * (1 - l_discount) * (1 + l_tax)) as sum_charge,
	avg(l_quantity) as avg_qty,
	avg(l_extendedprice) as avg_price,
	avg(l_discount) as avg_disc,
	count(*) as count_order
from
	lineitem
where
	l_shipdate <= date '1998-12-01' - interval '78 days'
group by
	l_returnflag,
	l_linestatus
order by
	l_returnflag,
	l_linestatus;",active,2014-11-19 10:40:05.574724+01
1416390069.06708,dbt3,6256,10,mark,psql,,-1,2014-11-19 10:41:04.737569+01,2014-11-19 10:41:04.739353+01,2014-11-19 10:41:04.739503+01,f,"select
	100.00 * sum(case
		when p_type like 'PROMO%'
			then l_extendedprice * (1 - l_discount)
		else 0
	end) / sum(l_extendedprice * (1 - l_discount)) as promo_revenue
from
	lineitem,
	part
where
	l_partkey = p_partkey
	and l_shipdate >= date '1994-06-01'
	and l_shipdate < cast(date '1994-06-01' + interval '1 month' as date);",active,2014-11-19 10:41:04.739504+01
1416390069.06708,dbt3,6226,10,mark,psql,,-1,2014-11-19 10:41:00.520597+01,2014-11-19 10:41:00.522446+01,2014-11-19 10:41:00.522616+01,f,"select
	s_name,
	count(*) as numwait
from
	supplier,
	lineitem l1,
	orders,
	nation
where
	s_suppkey = l1.l_suppkey
	and o_orderkey = l1.l_orderkey
	and o_orderstatus = 'F'
	and l1.l_receiptdate > l1.l_commitdate
	and exists (
		select
			*
		from
			lineitem l2
		where
			l2.l_orderkey = l1.l_orderkey
			and l2.l_suppkey <> l1.l_suppkey
	)
	and not exists (
		select
			*
		from
			lineitem l3
		where
			l3.l_orderkey = l1.l_orderkey
			and l3.l_suppkey <> l1.l_suppkey
			and l3.l_receiptdate > l3.l_commitdate
	)
	and s_nationkey = n_nationkey
	and n_name = 'IRAQ'
group by
	s_name
order by
	numwait desc,
	s_name
LIMIT 100;",active,2014-11-19 10:41:00.522618+01
1416390069.06708,dbt3,6216,10,mark,psql,,-1,2014-11-19 10:40:59.818917+01,2014-11-19 10:40:59.82071+01,2014-11-19 10:40:59.820847+01,f,"select
	l_orderkey,
	sum(l_extendedprice * (1 - l_discount)) as revenue,
	o_orderdate,
	o_shippriority
from
	customer,
	orders,
	lineitem
where
	c_mktsegment = 'BUILDING'
	and c_custkey = o_custkey
	and l_orderkey = o_orderkey
	and o_orderdate < date '1995-03-23'
	and l_shipdate > date '1995-03-23'
group by
	l_orderkey,
	o_orderdate,
	o_shippriority
order by
	revenue desc,
	o_orderdate
LIMIT 10;",active,2014-11-19 10:40:59.820849+01
1416390069.06708,dbt3,6246,10,mark,psql,,-1,2014-11-19 10:41:02.020043+01,2014-11-19 10:41:02.023176+01,2014-11-19 10:41:02.023412+01,f,"select
	l_orderkey,
	sum(l_extendedprice * (1 - l_discount)) as revenue,
	o_orderdate,
	o_shippriority
from
	customer,
	orders,
	lineitem
where
	c_mktsegment = 'HOUSEHOLD'
	and c_custkey = o_custkey
	and l_orderkey = o_orderkey
	and o_orderdate < date '1995-03-09'
	and l_shipdate > date '1995-03-09'
group by
	l_orderkey,
	o_orderdate,
	o_shippriority
order by
	revenue desc,
	o_orderdate
LIMIT 10;",active,2014-11-19 10:41:02.023413+01
1416390069.06708,dbt3,6166,10,mark,psql,,-1,2014-11-19 10:40:51.275442+01,2014-11-19 10:40:51.277733+01,2014-11-19 10:40:51.277924+01,f,"select
	s_name,
	count(*) as numwait
from
	supplier,
	lineitem l1,
	orders,
	nation
where
	s_suppkey = l1.l_suppkey
	and o_orderkey = l1.l_orderkey
	and o_orderstatus = 'F'
	and l1.l_receiptdate > l1.l_commitdate
	and exists (
		select
			*
		from
			lineitem l2
		where
			l2.l_orderkey = l1.l_orderkey
			and l2.l_suppkey <> l1.l_suppkey
	)
	and not exists (
		select
			*
		from
			lineitem l3
		where
			l3.l_orderkey = l1.l_orderkey
			and l3.l_suppkey <> l1.l_suppkey
			and l3.l_receiptdate > l3.l_commitdate
	)
	and s_nationkey = n_nationkey
	and n_name = 'ETHIOPIA'
group by
	s_name
order by
	numwait desc,
	s_name
LIMIT 100;",active,2014-11-19 10:40:51.277925+01
1416390069.06708,dbt3,6311,10,mark,psql,,-1,2014-11-19 10:41:09.065184+01,2014-11-19 10:41:09.067076+01,2014-11-19 10:41:09.067076+01,f,"COPY (SELECT EXTRACT(EPOCH FROM TRANSACTION_TIMESTAMP()) AS ctime, datname, pid, usesysid, usename, application_name, client_addr, client_port, backend_start, xact_start, query_start, waiting, query , state, state_change FROM pg_stat_activity) TO STDOUT (FORMAT CSV);",active,2014-11-19 10:41:09.06708+01
1416390069.06708,dbt3,6313,10,mark,psql,,-1,2014-11-19 10:41:09.065549+01,2014-11-19 10:41:09.067255+01,2014-11-19 10:41:09.067255+01,f,"COPY (SELECT EXTRACT(EPOCH FROM TRANSACTION_TIMESTAMP()) AS ctime, datname, numbackends, xact_commit, xact_rollback, blks_read, blks_hit, tup_returned, tup_fetched, tup_inserted, tup_updated, tup_deleted FROM pg_stat_database) TO STDOUT (FORMAT CSV);",active,2014-11-19 10:41:09.06726+01
1416390069.06708,dbt3,6312,10,mark,psql,,-1,2014-11-19 10:41:09.066071+01,2014-11-19 10:41:09.067525+01,2014-11-19 10:41:09.067525+01,f,"COPY (SELECT EXTRACT(EPOCH FROM TRANSACTION_TIMESTAMP()) AS ctime, relname, pid, mode, granted FROM pg_locks, pg_class WHERE relfilenode = relation ORDER BY relname) TO STDOUT (FORMAT CSV);",active,2014-11-19 10:41:09.067529+01
1416390129.0702,dbt3,6558,10,mark,psql,,-1,2014-11-19 10:42:03.840304+01,2014-11-19 10:42:03.843143+01,2014-11-19 10:42:03.867386+01,f,"DELETE FROM lineitem
USING tmp_orderkey14
WHERE l_orderkey = orderkey;",active,2014-11-19 10:42:03.867387+01
1416390129.0702,dbt3,6566,10,mark,psql,,-1,2014-11-19 10:42:09.06848+01,2014-11-19 10:42:09.070203+01,2014-11-19 10:42:09.070203+01,f,"COPY (SELECT EXTRACT(EPOCH FROM TRANSACTION_TIMESTAMP()) AS ctime, datname, pid, usesysid, usename, application_name, client_addr, client_port, backend_start, xact_start, query_start, waiting, query , state, state_change FROM pg_stat_activity) TO STDOUT (FORMAT CSV);",active,2014-11-19 10:42:09.070207+01
1416390129.0702,dbt3,6567,10,mark,psql,,-1,2014-11-19 10:42:09.068719+01,2014-11-19 10:42:09.071863+01,2014-11-19 10:42:09.071863+01,f,"COPY (SELECT EXTRACT(EPOCH FROM TRANSACTION_TIMESTAMP()) AS ctime, a.schemaname, a.relname, seq_scan, seq_tup_read, idx_scan, idx_tup_fetch, n_tup_ins, n_tup_upd, n_tup_del, n_tup_hot_upd, n_live_tup, n_dead_tup, heap_blks_read, heap_blks_hit, idx_blks_read, idx_blks_hit, toast_blks_read, toast_blks_hit, tidx_blks_read, tidx_blks_hit FROM pg_statio_all_tables a, pg_stat_all_tables b WHERE a.relid = b.relid) TO STDOUT (FORMAT CSV);",active,2014-11-19 10:42:09.071871+01
1416390129.0702,dbt3,6568,10,mark,psql,,-1,2014-11-19 10:42:09.069669+01,2014-11-19 10:42:09.072655+01,2014-11-19 10:42:09.072655+01,f,"COPY (SELECT EXTRACT(EPOCH FROM TRANSACTION_TIMESTAMP()) AS ctime, relname, pid, mode, granted FROM pg_locks, pg_class WHERE relfilenode = relation ORDER BY relname) TO STDOUT (FORMAT CSV);",active,2014-11-19 10:42:09.072662+01
1416390129.0702,dbt3,6570,10,mark,psql,,-1,2014-11-19 10:42:09.070198+01,2014-11-19 10:42:09.071861+01,2014-11-19 10:42:09.071861+01,f,"COPY (SELECT EXTRACT(EPOCH FROM TRANSACTION_TIMESTAMP()) AS ctime, a.schemaname, a.relname, a.indexrelname, idx_scan, idx_tup_read, idx_tup_fetch, idx_blks_read, idx_blks_hit FROM pg_stat_all_indexes a, pg_statio_all_indexes b WHERE a.indexrelid = b.indexrelid) TO STDOUT (FORMAT CSV);",active,2014-11-19 10:42:09.071865+01
